ID,DATE,Timestamp,TIME,WEEK,ACCURACY,X,Y
fa10-01-53,2010-10-06 8:53,1286322780,8,4,55,290,-815
fa10-01-53,2010-10-06 9:43,1286325780,9,4,60,79,87
fa10-01-53,2010-10-06 9:53,1286326380,9,4,60,97,105
fa10-01-53,2010-10-06 10:24,1286328240,10,4,60,2481,2835
fa10-01-53,2010-10-06 10:54,1286330040,10,4,895,3218,4106
fa10-01-53,2010-10-06 11:04,1286330640,11,4,60,2453,2812
fa10-01-53,2010-10-06 11:14,1286331240,11,4,895,3218,4106
fa10-01-53,2010-10-06 11:44,1286333040,11,4,60,2459,2815
fa10-01-53,2010-10-06 14:24,1286342640,14,4,68,4808,5211
fa10-01-53,2010-10-06 14:35,1286343300,14,4,75,4965,5449
fa10-01-53,2010-10-06 14:44,1286343840,14,4,67,4867,5293
fa10-01-53,2010-10-06 14:55,1286344500,14,4,71,4832,5233
fa10-01-53,2010-10-06 15:04,1286345040,15,4,71,4832,5233
fa10-01-53,2010-10-06 15:15,1286345700,15,4,77,4893,5321
fa10-01-53,2010-10-06 15:45,1286347500,15,4,75,5025,5551
fa10-01-53,2010-10-06 16:14,1286349240,16,4,90,4859,5270
fa10-01-53,2010-10-06 16:45,1286351100,16,4,69,4913,5351
fa10-01-53,2010-10-06 17:15,1286352900,17,4,78,4864,5274
fa10-01-53,2010-10-06 17:25,1286353500,17,4,77,4851,5302
fa10-01-53,2010-10-06 20:34,1286364840,20,4,60,-4,-42
fa10-01-53,2010-10-06 20:44,1286365440,20,4,60,-4,-42
fa10-01-53,2010-10-06 20:54,1286366040,20,4,60,-16,-56
fa10-01-53,2010-10-06 21:25,1286367900,21,4,60,-1,-39
fa10-01-53,2010-10-06 21:54,1286369640,21,4,60,-1,-39
fa10-01-53,2010-10-06 22:25,1286371500,22,4,60,-1,-39
fa10-01-53,2010-10-07 8:03,1286406180,8,5,23,33,40
fa10-01-53,2010-10-07 8:33,1286407980,8,5,29,12,8
fa10-01-53,2010-10-07 8:53,1286409180,8,5,60,-16,-56
fa10-01-53,2010-10-07 9:13,1286410380,9,5,66,-3,-77
fa10-01-53,2010-10-07 11:13,1286417580,11,5,87,4774,5169
fa10-01-53,2010-10-07 11:42,1286419320,11,5,87,4772,5167
fa10-01-53,2010-10-07 11:52,1286419920,11,5,698,4992,5354
fa10-01-53,2010-10-07 12:02,1286420520,12,5,698,4992,5354
fa10-01-53,2010-10-07 12:32,1286422320,12,5,76,4830,5251
fa10-01-53,2010-10-07 14:53,1286430780,14,5,69,4927,5404
fa10-01-53,2010-10-07 15:18,1286432280,15,5,71,4897,5356
fa10-01-53,2010-10-07 15:28,1286432880,15,5,94,4806,5235
fa10-01-53,2010-10-07 15:58,1286434680,15,5,86,4808,5227
fa10-01-53,2010-10-07 16:28,1286436480,16,5,49,5002,5524
fa10-01-53,2010-10-07 17:19,1286439540,17,5,63,4954,5443
fa10-01-53,2010-10-07 17:28,1286440080,17,5,698,4992,5354
fa10-01-53,2010-10-07 17:58,1286441880,17,5,80,4794,5214
fa10-01-53,2010-10-07 18:28,1286443680,18,5,88,4803,5212
fa10-01-53,2010-10-07 18:58,1286445480,18,5,34,134,148
fa10-01-53,2010-10-07 19:48,1286448480,19,5,60,89,97
fa10-01-53,2010-10-07 20:18,1286450280,20,5,58,-19,-91
fa10-01-53,2010-10-07 20:48,1286452080,20,5,60,16,-21
fa10-01-53,2010-10-07 21:08,1286453280,21,5,871,670,987
fa10-01-53,2010-10-07 22:09,1286456940,22,5,68,-119,-253
fa10-01-53,2010-10-07 22:38,1286458680,22,5,60,2,-36
fa10-01-53,2010-10-07 22:58,1286459880,22,5,60,25,-9
fa10-01-53,2010-10-07 23:28,1286461680,23,5,40,-65,-140
fa10-01-53,2010-10-07 23:58,1286463480,23,5,40,-38,-99
fa10-01-53,2010-10-08 0:18,1286464680,0,6,54,-27,-100
fa10-01-53,2010-10-08 0:38,1286465880,0,6,54,-38,-135
fa10-01-53,2010-10-08 0:58,1286467080,0,6,54,-104,-216
fa10-01-53,2010-10-08 1:18,1286468280,1,6,68,-85,-199
fa10-01-53,2010-10-08 1:38,1286469480,1,6,60,2,-36
fa10-01-53,2010-10-08 1:58,1286470680,1,6,27,-15,-101
fa10-01-53,2010-10-08 2:28,1286472480,2,6,68,56,-71
fa10-01-53,2010-10-08 2:48,1286473680,2,6,58,-73,-174
fa10-01-53,2010-10-08 3:08,1286474880,3,6,58,-29,-117
fa10-01-53,2010-10-08 3:28,1286476080,3,6,54,-77,-141
fa10-01-53,2010-10-08 3:48,1286477280,3,6,36,-107,-186
fa10-01-53,2010-10-08 4:08,1286478480,4,6,34,38,72
fa10-01-53,2010-10-08 4:28,1286479680,4,6,54,15,-25
fa10-01-53,2010-10-08 4:48,1286480880,4,6,60,-16,-56
fa10-01-53,2010-10-08 5:08,1286482080,5,6,65,1,-158
fa10-01-53,2010-10-08 5:38,1286483880,5,6,51,-102,-133
fa10-01-53,2010-10-08 5:58,1286485080,5,6,49,-28,-106
fa10-01-53,2010-10-08 6:18,1286486280,6,6,40,-37,-121
fa10-01-53,2010-10-08 6:38,1286487480,6,6,58,-22,-126
fa10-01-53,2010-10-08 6:58,1286488680,6,6,68,-7,-94
fa10-01-53,2010-10-08 7:19,1286489940,7,6,68,-66,-235
fa10-01-53,2010-10-08 7:38,1286491080,7,6,60,2,-36
fa10-01-53,2010-10-08 7:59,1286492340,7,6,60,25,-9
fa10-01-53,2010-10-08 8:29,1286494140,8,6,10,-1388,-1859
fa10-01-53,2010-10-08 8:49,1286495340,8,6,94,4805,5233
fa10-01-53,2010-10-08 8:59,1286495940,8,6,90,4786,5208
fa10-01-53,2010-10-08 9:29,1286497740,9,6,75,4938,5430
fa10-01-53,2010-10-08 9:58,1286499480,9,6,89,4780,5177
fa10-01-53,2010-10-08 10:28,1286501280,10,6,82,4806,5220
fa10-01-53,2010-10-08 10:49,1286502540,10,6,96,4832,5275
fa10-01-53,2010-10-08 11:18,1286504280,11,6,698,4992,5354
fa10-01-53,2010-10-08 11:48,1286506080,11,6,148,4974,5435
fa10-01-53,2010-10-08 12:19,1286507940,12,6,65,2834,3053
fa10-01-53,2010-10-08 13:18,1286511480,13,6,49,4699,5137
fa10-01-53,2010-10-08 13:48,1286513280,13,6,58,4657,5043
fa10-01-53,2010-10-08 14:29,1286515740,14,6,68,4683,5057
fa10-01-53,2010-10-08 14:58,1286517480,14,6,62,4673,5035
fa10-01-53,2010-10-08 15:28,1286519280,15,6,698,4992,5354
fa10-01-53,2010-10-08 15:59,1286521140,15,6,61,4909,5395
fa10-01-53,2010-10-08 16:28,1286522880,16,6,81,4795,5243
fa10-01-53,2010-10-08 16:59,1286524740,16,6,58,4326,4364
fa10-01-53,2010-10-08 17:29,1286526540,17,6,27,3530,2607
fa10-01-53,2010-10-08 17:49,1286527740,17,6,66,3414,2490
fa10-01-53,2010-10-08 18:08,1286528880,18,6,27,3462,2521
fa10-01-53,2010-10-08 18:28,1286530080,18,6,25,3512,2557
fa10-01-53,2010-10-08 18:48,1286531280,18,6,14,3500,2584
fa10-01-53,2010-10-08 19:09,1286532540,19,6,13,3509,2607
fa10-01-53,2010-10-08 19:28,1286533680,19,6,48,3506,2673
fa10-01-53,2010-10-08 19:49,1286534940,19,6,14,3472,2621
fa10-01-53,2010-10-08 20:29,1286537340,20,6,97,-117,-177
fa10-01-53,2010-10-08 20:58,1286539080,20,6,58,-11,-115
fa10-01-53,2010-10-08 21:18,1286540280,21,6,54,-2,-77
fa10-01-53,2010-10-08 21:38,1286541480,21,6,45,8,-87
fa10-01-53,2010-10-08 21:59,1286542740,21,6,54,4,-87
fa10-01-53,2010-10-08 22:18,1286543880,22,6,54,-55,-194
fa10-01-53,2010-10-08 22:39,1286545140,22,6,68,-7,-103
fa10-01-53,2010-10-08 22:58,1286546280,22,6,54,-48,-141
fa10-01-53,2010-10-08 23:18,1286547480,23,6,54,-97,-102
fa10-01-53,2010-10-08 23:38,1286548680,23,6,60,-1,-40
fa10-01-53,2010-10-08 23:59,1286549940,23,6,54,-6,-103
fa10-01-53,2010-10-09 0:29,1286551740,0,7,54,-73,-179
fa10-01-53,2010-10-09 0:48,1286552880,0,7,58,-194,-340
fa10-01-53,2010-10-09 1:08,1286554080,1,7,60,-3,-42
fa10-01-53,2010-10-09 1:28,1286555280,1,7,60,-1,-39
fa10-01-53,2010-10-09 1:58,1286557080,1,7,40,-35,-139
fa10-01-53,2010-10-09 2:29,1286558940,2,7,49,-66,-128
fa10-01-53,2010-10-09 2:49,1286560140,2,7,58,-13,-92
fa10-01-53,2010-10-09 3:08,1286561280,3,7,64,-52,-151
fa10-01-53,2010-10-09 3:28,1286562480,3,7,64,-52,-150
fa10-01-53,2010-10-09 3:48,1286563680,3,7,51,-141,-193
fa10-01-53,2010-10-09 4:09,1286564940,4,7,68,48,123
fa10-01-53,2010-10-09 4:28,1286566080,4,7,54,-87,-136
fa10-01-53,2010-10-09 4:48,1286567280,4,7,60,13,-24
fa10-01-53,2010-10-09 5:08,1286568480,5,7,60,13,-24
fa10-01-53,2010-10-09 5:38,1286570280,5,7,51,-70,-135
fa10-01-53,2010-10-09 6:08,1286572080,6,7,40,-98,-176
fa10-01-53,2010-10-09 6:28,1286573280,6,7,60,13,-24
fa10-01-53,2010-10-09 6:48,1286574480,6,7,60,13,-24
fa10-01-53,2010-10-09 7:19,1286576340,7,7,60,-16,-56
fa10-01-53,2010-10-09 7:48,1286578080,7,7,792,347,145
fa10-01-53,2010-10-09 8:18,1286579880,8,7,60,13,-24
fa10-01-53,2010-10-09 8:48,1286581680,8,7,54,-21,-109
fa10-01-53,2010-10-09 9:39,1286584740,9,7,58,-8,-103
fa10-01-53,2010-10-09 10:08,1286586480,10,7,10,-364,481
fa10-01-53,2010-10-09 10:18,1286587080,10,7,60,-16,-56
fa10-01-53,2010-10-09 10:28,1286587680,10,7,68,-3,-98
fa10-01-53,2010-10-09 10:39,1286588340,10,7,68,-51,-147
fa10-01-53,2010-10-09 10:48,1286588880,10,7,49,-86,-162
fa10-01-53,2010-10-09 11:09,1286590140,11,7,7,-2164,-3384
fa10-01-53,2010-10-09 11:29,1286591340,11,7,7,-4175,-12814
fa10-01-53,2010-10-09 11:49,1286592540,11,7,27,-36695,-62450
fa10-01-53,2010-10-09 12:09,1286593740,12,7,10,-36470,-62014
fa10-01-53,2010-10-09 12:29,1286594940,12,7,13,-36361,-61978
fa10-01-53,2010-10-09 12:48,1286596080,12,7,14,-36769,-62500
fa10-01-53,2010-10-09 13:09,1286597340,13,7,13,-36400,-62169
fa10-01-53,2010-10-09 13:29,1286598540,13,7,13,-36761,-62624
fa10-01-53,2010-10-09 13:49,1286599740,13,7,10,-36490,-62496
fa10-01-53,2010-10-09 14:09,1286600940,14,7,9,-36883,-62604
fa10-01-53,2010-10-09 14:29,1286602140,14,7,13,-36491,-62258
fa10-01-53,2010-10-09 15:39,1286606340,15,7,13,-36621,-62392
fa10-01-53,2010-10-09 16:09,1286608140,16,7,12,-4923,-9827
fa10-01-53,2010-10-09 16:29,1286609340,16,7,34,187,235
fa10-01-53,2010-10-09 16:49,1286610540,16,7,29,-233,736
fa10-01-53,2010-10-09 18:35,1286616900,18,7,60,-16,-56
fa10-01-53,2010-10-09 18:45,1286617500,18,7,60,-16,-56
fa10-01-53,2010-10-09 18:56,1286618160,18,7,97,-362,-562
fa10-01-53,2010-10-09 19:06,1286618760,19,7,27,-21,-111
fa10-01-53,2010-10-09 19:16,1286619360,19,7,58,9,-105
fa10-01-53,2010-10-09 19:26,1286619960,19,7,66,-3,-116
fa10-01-53,2010-10-09 19:45,1286621100,19,7,792,347,145
fa10-01-53,2010-10-09 20:06,1286622360,20,7,51,-50,-111
fa10-01-53,2010-10-09 20:36,1286624160,20,7,36,-19,-108
fa10-01-53,2010-10-09 20:56,1286625360,20,7,58,10,-43
fa10-01-53,2010-10-09 21:15,1286626500,21,7,792,347,145
fa10-01-53,2010-10-09 21:36,1286627760,21,7,51,-103,-124
fa10-01-53,2010-10-09 22:06,1286629560,22,7,60,-16,-56
fa10-01-53,2010-10-09 22:26,1286630760,22,7,54,-35,-138
fa10-01-53,2010-10-09 22:56,1286632560,22,7,68,-14,-75
fa10-01-53,2010-10-10 0:06,1286636760,0,1,36,-56,-109
fa10-01-53,2010-10-10 0:36,1286638560,0,1,68,-108,-224
fa10-01-53,2010-10-10 0:56,1286639760,0,1,68,27,-52
fa10-01-53,2010-10-10 1:36,1286642160,1,1,68,38,86
fa10-01-53,2010-10-10 2:56,1286646960,2,1,54,-154,-208
fa10-01-53,2010-10-10 3:26,1286648760,3,1,45,-26,-175
fa10-01-53,2010-10-10 4:06,1286651160,4,1,36,-70,-136
fa10-01-53,2010-10-10 4:36,1286652960,4,1,40,-212,-311
fa10-01-53,2010-10-10 5:16,1286655360,5,1,68,-98,-145
fa10-01-53,2010-10-10 5:46,1286657160,5,1,54,-65,-154
fa10-01-53,2010-10-10 6:06,1286658360,6,1,58,-51,-128
fa10-01-53,2010-10-10 8:46,1286667960,8,1,58,-100,-145
fa10-01-53,2010-10-10 9:16,1286669760,9,1,66,19,21
fa10-01-53,2010-10-10 9:36,1286670960,9,1,54,-60,-133
fa10-01-53,2010-10-10 9:56,1286672160,9,1,68,-37,-159
fa10-01-53,2010-10-10 10:16,1286673360,10,1,68,-39,-160
fa10-01-53,2010-10-10 10:36,1286674560,10,1,54,-34,-169
fa10-01-53,2010-10-10 10:56,1286675760,10,1,60,-16,-56
fa10-01-53,2010-10-10 11:16,1286676960,11,1,54,-44,-133
fa10-01-53,2010-10-10 11:46,1286678760,11,1,72,-113,-214
fa10-01-53,2010-10-10 12:06,1286679960,12,1,40,-31,-79
fa10-01-53,2010-10-10 12:16,1286680560,12,1,51,-77,-144
fa10-01-53,2010-10-10 12:26,1286681160,12,1,54,-92,-200
fa10-01-53,2010-10-10 12:37,1286681820,12,1,13,-115,-155
fa10-01-53,2010-10-10 12:47,1286682420,12,1,13,-27,-81
fa10-01-53,2010-10-10 12:56,1286682960,12,1,60,79,87
fa10-01-53,2010-10-10 13:17,1286684220,13,1,29,-44,-74
fa10-01-53,2010-10-10 13:46,1286685960,13,1,54,-79,-129
fa10-01-53,2010-10-10 14:06,1286687160,14,1,60,2,-36
fa10-01-53,2010-10-10 14:26,1286688360,14,1,27,2076,2110
fa10-01-53,2010-10-10 14:57,1286690220,14,1,80,1935,1935
fa10-01-53,2010-10-10 15:17,1286691420,15,1,25,3464,3253
fa10-01-53,2010-10-10 19:27,1286706420,19,1,60,-1,-39
fa10-01-53,2010-10-10 19:57,1286708220,19,1,60,13,-24
fa10-01-53,2010-10-10 20:27,1286710020,20,1,60,2,-36
fa10-01-53,2010-10-10 20:56,1286711760,20,1,60,-16,-56
fa10-01-53,2010-10-10 21:26,1286713560,21,1,60,-16,-56
fa10-01-53,2010-10-10 21:56,1286715360,21,1,60,-16,-56
fa10-01-53,2010-10-10 22:27,1286717220,22,1,60,-16,-56
fa10-01-53,2010-10-10 22:57,1286719020,22,1,54,-47,-179
fa10-01-53,2010-10-10 23:27,1286720820,23,1,60,-1,-39
fa10-01-53,2010-10-10 23:46,1286721960,23,1,60,-1,-39
fa10-01-53,2010-10-11 0:17,1286723820,0,2,58,-111,-240
fa10-01-53,2010-10-11 0:47,1286725620,0,2,66,146,-43
fa10-01-53,2010-10-11 1:07,1286726820,1,2,54,-122,-265
fa10-01-53,2010-10-11 11:14,1286763240,11,2,18,465,308
fa10-01-53,2010-10-11 13:34,1286771640,13,2,87,4806,5231
fa10-01-53,2010-10-11 15:03,1286776980,15,2,65,2852,2752
fa10-01-53,2010-10-11 17:03,1286784180,17,2,93,4736,5120
fa10-01-53,2010-10-11 17:34,1286786040,17,2,69,4927,5404
fa10-01-53,2010-10-11 18:03,1286787780,18,2,101,4776,5183
fa10-01-53,2010-10-11 18:33,1286789580,18,2,109,4753,5150
fa10-01-53,2010-10-11 19:03,1286791380,19,2,93,4736,5120
fa10-01-53,2010-10-11 19:33,1286793180,19,2,103,4759,5157
fa10-01-53,2010-10-11 19:44,1286793840,19,2,93,4736,5120
fa10-01-53,2010-10-11 19:54,1286794440,19,2,27,4780,5178
fa10-01-53,2010-10-11 20:04,1286795040,20,2,60,-16,-56
fa10-01-53,2010-10-11 20:23,1286796180,20,2,792,347,145
fa10-01-53,2010-10-11 20:53,1286797980,20,2,60,-16,-56
fa10-01-53,2010-10-11 21:23,1286799780,21,2,60,-1,-39
fa10-01-53,2010-10-11 21:53,1286801580,21,2,871,670,987
fa10-01-53,2010-10-11 22:23,1286803380,22,2,60,2,-36
fa10-01-53,2010-10-11 22:53,1286805180,22,2,60,2,-36
fa10-01-53,2010-10-11 23:23,1286806980,23,2,60,13,-24
fa10-01-53,2010-10-11 23:54,1286808840,23,2,72,-42,-83
fa10-01-53,2010-10-12 7:38,1286836680,7,3,36,60,-3
fa10-01-53,2010-10-12 7:48,1286837280,7,3,68,62,1
fa10-01-53,2010-10-12 7:58,1286837880,7,3,871,670,987
fa10-01-53,2010-10-12 8:49,1286840940,8,3,11,-148,-241
fa10-01-53,2010-10-12 9:39,1286843940,9,3,104,4755,5159
fa10-01-53,2010-10-12 10:39,1286847540,10,3,49,4857,5236
fa10-01-53,2010-10-12 11:09,1286849340,11,3,75,4765,5090
fa10-01-53,2010-10-12 11:39,1286851140,11,3,73,4906,5318
fa10-01-53,2010-10-12 12:08,1286852880,12,3,75,4735,5088
fa10-01-53,2010-10-12 12:39,1286854740,12,3,75,4940,5407
fa10-01-53,2010-10-12 15:55,1286866500,15,3,76,4764,5155
fa10-01-53,2010-10-12 16:05,1286867100,16,3,83,4833,5253
fa10-01-53,2010-10-12 16:35,1286868900,16,3,709,3578,3136
fa10-01-53,2010-10-12 17:05,1286870700,17,3,86,4721,5087
fa10-01-53,2010-10-12 17:35,1286872500,17,3,89,4729,5109
fa10-01-53,2010-10-12 17:55,1286873700,17,3,48,4806,5166
fa10-01-53,2010-10-12 18:05,1286874300,18,3,66,4680,5080
fa10-01-53,2010-10-12 18:36,1286876160,18,3,61,4762,5128
fa10-01-53,2010-10-12 18:55,1286877300,18,3,27,4463,4876
fa10-01-53,2010-10-12 19:25,1286879100,19,3,60,2,-36
fa10-01-53,2010-10-12 19:45,1286880300,19,3,58,4,13
fa10-01-53,2010-10-12 20:35,1286883300,20,3,60,-16,-56
fa10-01-53,2010-10-13 7:04,1286921040,7,4,60,13,-24
fa10-01-53,2010-10-13 7:14,1286921640,7,4,60,-1,-39
fa10-01-53,2010-10-13 11:57,1286938620,11,4,18,2419,2633
fa10-01-53,2010-10-13 12:07,1286939220,12,4,88,4876,5295
fa10-01-53,2010-10-13 12:17,1286939820,12,4,75,4903,5412
fa10-01-53,2010-10-13 12:27,1286940420,12,4,75,4951,5462
fa10-01-53,2010-10-13 13:04,1286942640,13,4,84,4843,5286
fa10-01-53,2010-10-13 13:38,1286944680,13,4,698,4992,5354
fa10-01-53,2010-10-13 14:14,1286946840,14,4,67,4910,5380
fa10-01-53,2010-10-13 14:37,1286948220,14,4,86,4811,5229
fa10-01-53,2010-10-13 14:47,1286948820,14,4,81,4799,5213
fa10-01-53,2010-10-13 14:58,1286949480,14,4,89,4822,5250
fa10-01-53,2010-10-13 15:08,1286950080,15,4,89,4794,5203
fa10-01-53,2010-10-13 15:45,1286952300,15,4,65,4904,5373
fa10-01-53,2010-10-13 16:22,1286954520,16,4,75,4940,5428
fa10-01-53,2010-10-13 16:58,1286956680,16,4,86,4785,5196
fa10-01-53,2010-10-13 17:33,1286958780,17,4,84,4789,5190
fa10-01-53,2010-10-13 18:10,1286961000,18,4,66,4857,5310
fa10-01-53,2010-10-13 18:43,1286962980,18,4,698,4992,5354
fa10-01-53,2010-10-13 19:18,1286965080,19,4,27,3430,3253
fa10-01-53,2010-10-13 19:28,1286965680,19,4,34,3214,3130
fa10-01-53,2010-10-13 19:38,1286966280,19,4,39,3228,3143
fa10-01-53,2010-10-13 20:13,1286968380,20,4,60,3207,3139
fa10-01-53,2010-10-13 20:48,1286970480,20,4,34,3220,3135
fa10-01-53,2010-10-13 21:23,1286972580,21,4,34,3224,3138
fa10-01-53,2010-10-13 21:48,1286974080,21,4,60,-16,-56
fa10-01-53,2010-10-13 21:58,1286974680,21,4,60,2,-36
fa10-01-53,2010-10-13 23:08,1286978880,23,4,66,-100,-129
fa10-01-53,2010-10-13 23:33,1286980380,23,4,80,-44,-118
fa10-01-53,2010-10-13 23:59,1286981940,23,4,54,-71,-177
fa10-01-53,2010-10-14 0:23,1286983380,0,5,54,-55,-143
fa10-01-53,2010-10-14 0:51,1286985060,0,5,60,25,-9
fa10-01-53,2010-10-14 1:24,1286987040,1,5,60,-1,-39
fa10-01-53,2010-10-14 1:57,1286989020,1,5,80,-15,-122
fa10-01-53,2010-10-14 2:52,1286992320,2,5,34,-45,-155
fa10-01-53,2010-10-14 3:15,1286993700,3,5,54,-16,-94
fa10-01-53,2010-10-14 3:39,1286995140,3,5,80,-28,-28
fa10-01-53,2010-10-14 4:02,1286996520,4,5,58,-22,-102
fa10-01-53,2010-10-14 4:24,1286997840,4,5,54,-40,-140
fa10-01-53,2010-10-14 5:21,1287001260,5,5,66,-32,-92
fa10-01-53,2010-10-14 5:44,1287002640,5,5,58,-32,-136
fa10-01-53,2010-10-14 7:46,1287009960,7,5,68,-84,-166
fa10-01-53,2010-10-14 8:46,1287013560,8,5,60,25,-9
fa10-01-53,2010-10-14 9:20,1287015600,9,5,51,-101,-217
fa10-01-53,2010-10-14 9:46,1287017160,9,5,68,-11,-104
fa10-01-53,2010-10-14 10:08,1287018480,10,5,60,-17,-58
fa10-01-53,2010-10-14 10:18,1287019080,10,5,49,-43,-119
fa10-01-53,2010-10-14 10:29,1287019740,10,5,13,457,319
fa10-01-53,2010-10-14 10:39,1287020340,10,5,8,2533,2908
fa10-01-53,2010-10-14 10:49,1287020940,10,5,96,4797,5227
fa10-01-53,2010-10-14 10:59,1287021540,10,5,75,4963,5443
fa10-01-53,2010-10-14 11:09,1287022140,11,5,92,4786,5212
fa10-01-53,2010-10-14 11:19,1287022740,11,5,85,4743,5147
fa10-01-53,2010-10-14 11:54,1287024840,11,5,61,4909,5395
fa10-01-53,2010-10-14 12:27,1287026820,12,5,87,4896,5320
fa10-01-53,2010-10-14 13:03,1287028980,13,5,33,3171,3477
fa10-01-53,2010-10-14 14:41,1287034860,14,5,60,2430,2577
fa10-01-53,2010-10-14 15:14,1287036840,15,5,49,-62,-142
fa10-01-53,2010-10-14 15:37,1287038220,15,5,14,-119,-224
fa10-01-53,2010-10-14 16:00,1287039600,16,5,65,87,91
fa10-01-53,2010-10-14 16:23,1287040980,16,5,51,-41,-135
fa10-01-53,2010-10-14 16:46,1287042360,16,5,51,-59,-182
fa10-01-53,2010-10-14 17:09,1287043740,17,5,58,-49,-181
fa10-01-53,2010-10-14 17:28,1287044880,17,5,68,10,-73
fa10-01-53,2010-10-14 17:51,1287046260,17,5,58,10,-77
fa10-01-53,2010-10-14 18:14,1287047640,18,5,60,13,-24
fa10-01-53,2010-10-14 18:47,1287049620,18,5,10,-42,-94
fa10-01-53,2010-10-14 19:11,1287051060,19,5,29,-31,-88
fa10-01-53,2010-10-14 19:33,1287052380,19,5,60,2,-36
fa10-01-53,2010-10-14 19:38,1287052680,19,5,60,13,-24
fa10-01-53,2010-10-14 19:48,1287053280,19,5,58,-123,-232
fa10-01-53,2010-10-14 19:59,1287053940,19,5,68,-80,-148
fa10-01-53,2010-10-14 20:22,1287055320,20,5,60,25,-9
fa10-01-53,2010-10-14 20:54,1287057240,20,5,54,30,-42
fa10-01-53,2010-10-14 21:18,1287058680,21,5,72,143,88
fa10-01-53,2010-10-14 21:40,1287060000,21,5,792,347,145
fa10-01-53,2010-10-14 22:13,1287061980,22,5,60,-16,-56
fa10-01-53,2010-10-14 22:46,1287063960,22,5,49,-88,-161
fa10-01-53,2010-10-15 7:03,1287093780,7,6,60,-13,-50
fa10-01-53,2010-10-15 7:14,1287094440,7,6,60,25,-9
fa10-01-53,2010-10-15 7:47,1287096420,7,6,58,-15,-107
fa10-01-53,2010-10-15 8:10,1287097800,8,6,51,29,-48
fa10-01-53,2010-10-15 8:33,1287099180,8,6,68,-111,-156
fa10-01-53,2010-10-15 8:56,1287100560,8,6,99,-53,-111
fa10-01-53,2010-10-15 9:18,1287101880,9,6,60,2,-36
fa10-01-53,2010-10-15 9:52,1287103920,9,6,60,25,-9
fa10-01-53,2010-10-15 10:24,1287105840,10,6,60,13,-24
fa10-01-53,2010-10-15 10:58,1287107880,10,6,54,-99,-141
fa10-01-53,2010-10-15 11:20,1287109200,11,6,60,-16,-56
fa10-01-53,2010-10-15 11:53,1287111180,11,6,60,2175,2186
fa10-01-53,2010-10-15 12:31,1287113460,12,6,90,4801,5217
fa10-01-53,2010-10-15 13:08,1287115680,13,6,62,4671,5029
fa10-01-53,2010-10-15 13:24,1287116640,13,6,62,4681,5037
fa10-01-53,2010-10-15 14:00,1287118800,14,6,68,4681,5056
fa10-01-53,2010-10-15 14:36,1287120960,14,6,68,4681,5056
fa10-01-53,2010-10-15 15:10,1287123000,15,6,93,4746,5125
fa10-01-53,2010-10-15 15:34,1287124440,15,6,86,4794,5201
fa10-01-53,2010-10-15 15:44,1287125040,15,6,84,4766,5155
fa10-01-53,2010-10-15 16:54,1287129240,16,6,90,4799,5215
fa10-01-53,2010-10-15 17:30,1287131400,17,6,92,4739,5125
fa10-01-53,2010-10-15 18:07,1287133620,18,6,13,4367,4870
fa10-01-53,2010-10-15 18:31,1287135060,18,6,36,-30,-85
fa10-01-53,2010-10-15 18:57,1287136620,18,6,60,25,-9
fa10-01-53,2010-10-15 19:33,1287138780,19,6,60,25,-9
fa10-01-53,2010-10-15 20:07,1287140820,20,6,58,-51,-144
fa10-01-53,2010-10-15 20:34,1287142440,20,6,60,-16,-56
fa10-01-53,2010-10-15 23:28,1287152880,23,6,792,347,145
fa10-01-53,2010-10-15 23:54,1287154440,23,6,40,-14,-102
fa10-01-53,2010-10-16 10:18,1287191880,10,7,54,-94,-192
fa10-01-53,2010-10-16 10:28,1287192480,10,7,9,327,-15
fa10-01-53,2010-10-16 10:51,1287193860,10,7,13,2400,50
fa10-01-53,2010-10-16 11:53,1287197580,11,7,20,4876,3408
fa10-01-53,2010-10-16 13:29,1287203340,13,7,60,13,-24
fa10-01-53,2010-10-16 14:04,1287205440,14,7,60,2,-36
fa10-01-53,2010-10-16 14:40,1287207600,14,7,60,13,-24
fa10-01-53,2010-10-16 15:15,1287209700,15,7,27,-104,-200
fa10-01-53,2010-10-16 15:42,1287211320,15,7,871,670,987
fa10-01-53,2010-10-16 16:19,1287213540,16,7,60,0,-36
fa10-01-53,2010-10-16 16:54,1287215640,16,7,792,347,145
fa10-01-53,2010-10-16 21:01,1287230460,21,7,58,9119,10376
fa10-01-53,2010-10-16 21:26,1287231960,21,7,60,2,-36
fa10-01-53,2010-10-16 22:02,1287234120,22,7,60,2,-36
fa10-01-53,2010-10-17 15:16,1287296160,15,1,13,2069,2106
fa10-01-53,2010-10-17 16:02,1287298920,16,1,60,-1,-39
fa10-01-53,2010-10-17 20:12,1287313920,20,1,107,-69,-145
fa10-01-53,2010-10-17 20:38,1287315480,20,1,60,2,-36
fa10-01-53,2010-10-17 22:58,1287323880,22,1,60,2,-36
fa10-01-53,2010-10-17 23:33,1287325980,23,1,792,347,145
fa10-01-53,2010-10-18 0:07,1287328020,0,2,60,25,-9
fa10-01-53,2010-10-18 0:40,1287330000,0,2,60,2,-36
fa10-01-53,2010-10-18 1:15,1287332100,1,2,60,-16,-56
fa10-01-53,2010-10-18 1:51,1287334260,1,2,60,25,-9
fa10-01-53,2010-10-18 2:26,1287336360,2,2,60,-1,-39
fa10-01-53,2010-10-18 3:04,1287338640,3,2,60,-16,-56
fa10-01-53,2010-10-18 3:40,1287340800,3,2,60,25,-9
fa10-01-53,2010-10-18 4:48,1287344880,4,2,60,-1,-39
fa10-01-53,2010-10-18 7:09,1287353340,7,2,60,8,-29
fa10-01-53,2010-10-18 7:36,1287354960,7,2,60,13,-24
fa10-01-53,2010-10-18 8:46,1287359160,8,2,40,-57,-142
fa10-01-53,2010-10-18 9:10,1287360600,9,2,107,-38,-119
fa10-01-53,2010-10-18 9:33,1287361980,9,2,54,-30,-133
fa10-01-53,2010-10-18 10:31,1287365460,10,2,65,2456,2807
fa10-01-53,2010-10-18 12:15,1287371700,12,2,64,4896,5344
fa10-01-53,2010-10-18 12:50,1287373800,12,2,74,4857,5291
fa10-01-53,2010-10-18 13:25,1287375900,13,2,66,4907,5387
fa10-01-53,2010-10-18 14:36,1287380160,14,2,64,4878,5331
fa10-01-53,2010-10-18 15:11,1287382260,15,2,78,4883,5316
fa10-01-53,2010-10-18 16:17,1287386220,16,2,698,4992,5354
fa10-01-53,2010-10-18 18:29,1287394140,18,2,66,4887,5344
fa10-01-53,2010-10-18 19:02,1287396120,19,2,54,10,-17
fa10-01-53,2010-10-18 20:01,1287399660,20,2,60,0,-37
fa10-01-53,2010-10-18 20:38,1287401880,20,2,60,-16,-56
fa10-01-53,2010-10-18 21:12,1287403920,21,2,792,347,145
fa10-01-53,2010-10-18 21:48,1287406080,21,2,792,347,145
fa10-01-53,2010-10-18 22:24,1287408240,22,2,60,-16,-56
fa10-01-53,2010-10-18 22:58,1287410280,22,2,29,-42,-139
fa10-01-53,2010-10-18 23:26,1287411960,23,2,25,-48,-135
fa10-01-53,2010-10-18 23:51,1287413460,23,2,49,-40,-110
fa10-01-53,2010-10-19 0:15,1287414900,0,3,58,-88,-138
fa10-01-53,2010-10-19 0:41,1287416460,0,3,80,-68,-165
fa10-01-53,2010-10-19 1:06,1287417960,1,3,51,34,-189
fa10-01-53,2010-10-19 1:31,1287419460,1,3,60,-16,-56
fa10-01-53,2010-10-19 2:06,1287421560,2,3,58,-1,-61
fa10-01-53,2010-10-19 2:32,1287423120,2,3,99,-178,-142
fa10-01-53,2010-10-19 2:58,1287424680,2,3,68,-218,-213
fa10-01-53,2010-10-19 3:22,1287426120,3,3,58,-66,-54
fa10-01-53,2010-10-19 3:51,1287427860,3,3,54,-43,-113
fa10-01-53,2010-10-19 4:19,1287429540,4,3,68,-49,-115
fa10-01-53,2010-10-19 4:44,1287431040,4,3,64,-375,120
fa10-01-53,2010-10-19 5:10,1287432600,5,3,68,3,-52
fa10-01-53,2010-10-19 5:36,1287434160,5,3,64,-20,-196
fa10-01-53,2010-10-19 6:00,1287435600,6,3,68,-65,-181
fa10-01-53,2010-10-19 6:25,1287437100,6,3,54,-70,-143
fa10-01-53,2010-10-19 6:52,1287438720,6,3,80,-67,-146
fa10-01-53,2010-10-19 7:18,1287440280,7,3,54,-15,-94
fa10-01-53,2010-10-19 7:44,1287441840,7,3,60,-16,-56
fa10-01-53,2010-10-19 8:54,1287446040,8,3,60,-22,-64
fa10-01-53,2010-10-19 9:32,1287448320,9,3,57,4881,5320
fa10-01-53,2010-10-19 10:05,1287450300,10,3,64,4905,5375
fa10-01-53,2010-10-19 10:42,1287452520,10,3,68,4844,5263
fa10-01-53,2010-10-19 11:17,1287454620,11,3,64,4896,5344
fa10-01-53,2010-10-19 12:26,1287458760,12,3,698,4992,5354
fa10-01-53,2010-10-19 13:01,1287460860,13,3,10,3856,4179
fa10-01-53,2010-10-19 13:24,1287462240,13,3,27,2999,3216
fa10-01-53,2010-10-19 15:48,1287470880,15,3,77,4869,5270
fa10-01-53,2010-10-19 15:51,1287471060,15,3,88,4775,5184
fa10-01-53,2010-10-19 16:02,1287471720,16,3,45,4586,4865
fa10-01-53,2010-10-19 16:12,1287472320,16,3,87,4821,5241
fa10-01-53,2010-10-19 16:48,1287474480,16,3,66,4907,5387
fa10-01-53,2010-10-19 17:23,1287476580,17,3,92,4769,5179
fa10-01-53,2010-10-19 18:00,1287478800,18,3,13,2868,3263
fa10-01-53,2010-10-19 18:47,1287481620,18,3,60,-16,-56
fa10-01-53,2010-10-19 18:55,1287482100,18,3,60,-16,-56
fa10-01-53,2010-10-19 19:28,1287484080,19,3,792,347,145
fa10-01-53,2010-10-19 20:02,1287486120,20,3,54,-31,-150
fa10-01-53,2010-10-19 20:25,1287487500,20,3,54,-194,-306
fa10-01-53,2010-10-19 20:48,1287488880,20,3,51,-93,-192
fa10-01-53,2010-10-19 21:11,1287490260,21,3,68,-15,-115
fa10-01-53,2010-10-19 21:34,1287491640,21,3,54,-28,-135
fa10-01-53,2010-10-19 21:57,1287493020,21,3,68,1,-43
fa10-01-53,2010-10-19 22:20,1287494400,22,3,68,-37,-131
fa10-01-53,2010-10-19 22:43,1287495780,22,3,51,-34,-82
fa10-01-53,2010-10-19 23:06,1287497160,23,3,65,191,128
fa10-01-53,2010-10-19 23:29,1287498540,23,3,54,17,-47
fa10-01-53,2010-10-19 23:52,1287499920,23,3,66,65,-90
fa10-01-53,2010-10-20 0:48,1287503280,0,4,54,-99,-241
fa10-01-53,2010-10-20 1:11,1287504660,1,4,51,-41,-223
fa10-01-53,2010-10-20 2:07,1287508020,2,4,54,-91,-192
fa10-01-53,2010-10-20 2:30,1287509400,2,4,58,-60,-138
fa10-01-53,2010-10-20 2:53,1287510780,2,4,58,-162,-157
fa10-01-53,2010-10-20 3:16,1287512160,3,4,34,-195,-230
fa10-01-53,2010-10-20 3:39,1287513540,3,4,68,-361,-428
fa10-01-53,2010-10-20 4:02,1287514920,4,4,54,-57,-33
fa10-01-53,2010-10-20 4:25,1287516300,4,4,72,-192,-234
fa10-01-53,2010-10-20 4:48,1287517680,4,4,66,13,-88
fa10-01-53,2010-10-20 5:11,1287519060,5,4,65,-62,-138
fa10-01-53,2010-10-20 5:34,1287520440,5,4,40,-87,-162
fa10-01-53,2010-10-20 8:12,1287529920,8,4,60,-16,-56
fa10-01-53,2010-10-20 9:19,1287533940,9,4,792,347,145
fa10-01-53,2010-10-20 9:55,1287536100,9,4,60,25,-9
fa10-01-53,2010-10-20 10:31,1287538260,10,4,60,2458,2811
fa10-01-53,2010-10-20 11:41,1287542460,11,4,65,2444,2802
fa10-01-53,2010-10-20 12:17,1287544620,12,4,75,4776,5132
fa10-01-53,2010-10-20 12:53,1287546780,12,4,66,4907,5387
fa10-01-53,2010-10-20 13:28,1287548880,13,4,84,4761,5159
fa10-01-53,2010-10-20 14:38,1287553080,14,4,90,4794,5215
fa10-01-53,2010-10-20 15:16,1287555360,15,4,64,4905,5375
fa10-01-53,2010-10-20 17:01,1287561660,17,4,71,4728,5100
fa10-01-53,2010-10-20 17:37,1287563820,17,4,87,4769,5191
fa10-01-53,2010-10-20 18:13,1287565980,18,4,76,4778,5171
fa10-01-53,2010-10-20 19:24,1287570240,19,4,60,-1,-39
fa10-01-53,2010-10-20 20:01,1287572460,20,4,60,-16,-56
fa10-01-53,2010-10-21 10:18,1287623880,10,5,36,-16,-110
fa10-01-53,2010-10-21 10:27,1287624420,10,5,34,-51,-146
fa10-01-53,2010-10-21 10:38,1287625080,10,5,65,9,-114
fa10-01-53,2010-10-21 11:01,1287626460,11,5,13,4034,4174
fa10-01-53,2010-10-21 11:24,1287627840,11,5,72,3970,4165
fa10-01-53,2010-10-21 11:47,1287629220,11,5,51,4198,4152
fa10-01-53,2010-10-21 13:54,1287636840,13,5,72,3020,3212
fa10-01-53,2010-10-21 18:49,1287654540,18,5,692,5390,5155
fa10-01-53,2010-10-21 18:58,1287655080,18,5,698,4992,5354
fa10-01-53,2010-10-21 19:30,1287657000,19,5,60,-12,-55
fa10-01-53,2010-10-21 20:05,1287659100,20,5,871,670,987
fa10-01-53,2010-10-21 20:41,1287661260,20,5,60,-23,-68
fa10-01-53,2010-10-21 21:18,1287663480,21,5,60,15,-24
fa10-01-53,2010-10-21 21:53,1287665580,21,5,68,-46,-122
fa10-01-53,2010-10-21 23:08,1287670080,23,5,60,-23,-67
fa10-01-53,2010-10-21 23:46,1287672360,23,5,60,15,-24
fa10-01-53,2010-10-22 0:23,1287674580,0,6,68,-39,-115
fa10-01-53,2010-10-22 0:46,1287675960,0,6,60,3,-37
fa10-01-53,2010-10-22 1:21,1287678060,1,6,54,-132,-193
fa10-01-53,2010-10-22 1:44,1287679440,1,6,60,3,-37
fa10-01-53,2010-10-22 2:21,1287681660,2,6,54,-16,-114
fa10-01-53,2010-10-22 2:47,1287683220,2,6,58,-83,-168
fa10-01-53,2010-10-22 3:12,1287684720,3,6,60,3,-37
fa10-01-53,2010-10-22 3:48,1287686880,3,6,66,-44,-134
fa10-01-53,2010-10-22 4:14,1287688440,4,6,60,3,-37
fa10-01-53,2010-10-22 4:51,1287690660,4,6,60,3,-37
fa10-01-53,2010-10-22 5:28,1287692880,5,6,60,15,-24
fa10-01-53,2010-10-22 6:02,1287694920,6,6,60,3,-37
fa10-01-53,2010-10-22 6:35,1287696900,6,6,60,3,-37
fa10-01-53,2010-10-22 9:01,1287705660,9,6,13,-25,-80
fa10-01-53,2010-10-22 9:11,1287706260,9,6,79,4830,5209
fa10-01-53,2010-10-22 9:21,1287706860,9,6,80,4752,5133
fa10-01-53,2010-10-22 9:57,1287709020,9,6,698,4992,5354
fa10-01-53,2010-10-22 10:33,1287711180,10,6,74,4831,5270
fa10-01-53,2010-10-22 11:11,1287713460,11,6,74,4824,5190
fa10-01-53,2010-10-22 11:47,1287715620,11,6,65,4827,5193
fa10-01-53,2010-10-22 12:22,1287717720,12,6,61,2834,2994
fa10-01-53,2010-10-22 12:56,1287719760,12,6,38,2865,3069
fa10-01-53,2010-10-22 13:31,1287721860,13,6,56,4698,5083
fa10-01-53,2010-10-22 14:08,1287724080,14,6,698,4992,5354
fa10-01-53,2010-10-22 15:20,1287728400,15,6,70,4785,5134
fa10-01-53,2010-10-22 15:41,1287729660,15,6,81,4752,5129
fa10-01-53,2010-10-22 16:18,1287731880,16,6,101,4829,5261
fa10-01-53,2010-10-22 16:54,1287734040,16,6,90,4749,5164
fa10-01-53,2010-10-22 17:31,1287736260,17,6,83,4839,5274
fa10-01-53,2010-10-22 18:06,1287738360,18,6,88,4767,5149
fa10-01-53,2010-10-22 18:46,1287740760,18,6,10,1047,-335
fa10-01-53,2010-10-22 19:44,1287744240,19,6,54,-77,-118
fa10-01-53,2010-10-22 19:51,1287744660,19,6,60,-23,-68
fa10-01-53,2010-10-22 20:26,1287746760,20,6,60,3,-37
fa10-01-53,2010-10-22 21:04,1287749040,21,6,58,-97,-200
fa10-01-53,2010-10-22 21:27,1287750420,21,6,68,14,-12
fa10-01-53,2010-10-22 21:51,1287751860,21,6,60,3,-37
fa10-01-53,2010-10-22 22:26,1287753960,22,6,51,-45,-143
fa10-01-53,2010-10-22 22:51,1287755460,22,6,54,-45,-101
fa10-01-53,2010-10-22 23:16,1287756960,23,6,27,16,-94
fa10-01-53,2010-10-22 23:40,1287758400,23,6,58,-84,-158
fa10-01-53,2010-10-23 0:06,1287759960,0,7,792,347,145
fa10-01-53,2010-10-23 0:42,1287762120,0,7,72,-47,-138
fa10-01-53,2010-10-23 1:06,1287763560,1,7,58,-36,-128
fa10-01-53,2010-10-23 10:16,1287796560,10,7,60,2,-39
fa10-01-53,2010-10-23 11:22,1287800520,11,7,150,5008,5525
fa10-01-53,2010-10-23 13:01,1287806460,13,7,55,4912,5412
fa10-01-53,2010-10-23 13:34,1287808440,13,7,79,4833,5258
fa10-01-53,2010-10-23 14:06,1287810360,14,7,80,4818,5236
fa10-01-53,2010-10-23 14:25,1287811500,14,7,84,4765,5145
fa10-01-53,2010-10-23 14:36,1287812160,14,7,150,4920,5402
fa10-01-53,2010-10-23 14:46,1287812760,14,7,75,4807,5229
fa10-01-53,2010-10-23 15:18,1287814680,15,7,74,4795,5180
fa10-01-53,2010-10-23 15:53,1287816780,15,7,40,4662,5031
fa10-01-53,2010-10-23 18:09,1287824940,18,7,18,-2078,-3033
fa10-01-53,2010-10-23 18:32,1287826320,18,7,68,27,-13
fa10-01-53,2010-10-23 18:57,1287827820,18,7,60,15,-24
fa10-01-53,2010-10-23 20:06,1287831960,20,7,60,-12,-55
fa10-01-53,2010-10-23 20:40,1287834000,20,7,60,15,-24
fa10-01-53,2010-10-23 21:15,1287836100,21,7,60,-12,-55
fa10-01-53,2010-10-23 21:51,1287838260,21,7,792,347,145
fa10-01-53,2010-10-23 22:28,1287840480,22,7,60,-8,-50
fa10-01-53,2010-10-23 22:56,1287842160,22,7,29,-56,-169
fa10-01-53,2010-10-23 23:06,1287842760,23,7,58,-4,-103
fa10-01-53,2010-10-23 23:16,1287843360,23,7,54,-67,-176
fa10-01-53,2010-10-23 23:26,1287843960,23,7,34,-107,-219
fa10-01-53,2010-10-23 23:37,1287844620,23,7,40,-41,-107
fa10-01-53,2010-10-23 23:46,1287845160,23,7,54,-10,-19
fa10-01-53,2010-10-24 0:11,1287846660,0,1,54,-57,-87
fa10-01-53,2010-10-24 0:37,1287848220,0,1,40,-22,-100
fa10-01-53,2010-10-24 1:02,1287849720,1,1,40,-67,-161
fa10-01-53,2010-10-24 1:27,1287851220,1,1,65,-45,-120
fa10-01-53,2010-10-24 1:51,1287852660,1,1,34,-79,-153
fa10-01-53,2010-10-24 2:16,1287854160,2,1,40,31,-72
fa10-01-53,2010-10-24 2:44,1287855840,2,1,54,-44,-160
fa10-01-53,2010-10-24 3:07,1287857220,3,1,58,-103,-206
fa10-01-53,2010-10-24 3:33,1287858780,3,1,49,-49,-142
fa10-01-53,2010-10-24 3:58,1287860280,3,1,66,-204,-119
fa10-01-53,2010-10-24 4:23,1287861780,4,1,64,-64,-187
fa10-01-53,2010-10-24 4:46,1287863160,4,1,51,-83,-163
fa10-01-53,2010-10-24 5:11,1287864660,5,1,29,-73,-184
fa10-01-53,2010-10-24 6:15,1287868500,6,1,54,-40,-178
fa10-01-53,2010-10-24 6:39,1287869940,6,1,49,-47,-167
fa10-01-53,2010-10-24 7:05,1287871500,7,1,33,-140,-235
fa10-01-53,2010-10-24 8:07,1287875220,8,1,51,-37,-108
fa10-01-53,2010-10-24 8:31,1287876660,8,1,40,-125,-190
fa10-01-53,2010-10-24 8:59,1287878340,8,1,101,-66,-45
fa10-01-53,2010-10-24 9:27,1287880020,9,1,68,-56,-93
fa10-01-53,2010-10-24 9:54,1287881640,9,1,58,-27,-76
fa10-01-53,2010-10-24 13:44,1287895440,13,1,60,-23,-68
fa10-01-53,2010-10-24 13:51,1287895860,13,1,60,-23,-68
fa10-01-53,2010-10-24 14:34,1287898440,14,1,27,-368,-393
fa10-01-53,2010-10-24 14:55,1287899700,14,1,68,3748,3689
fa10-01-53,2010-10-24 15:24,1287901440,15,1,54,3831,3708
fa10-01-53,2010-10-24 15:50,1287903000,15,1,97,3741,3575
fa10-01-53,2010-10-24 16:49,1287906540,16,1,60,15,-24
fa10-01-53,2010-10-24 17:23,1287908580,17,1,20,-2,-3
fa10-01-53,2010-10-24 17:48,1287910080,17,1,60,3,-37
fa10-01-53,2010-10-24 18:03,1287910980,18,1,65,16,127
fa10-01-53,2010-10-24 18:26,1287912360,18,1,60,-25,-71
fa10-01-53,2010-10-24 19:05,1287914700,19,1,68,-47,-112
fa10-01-53,2010-10-24 20:43,1287920580,20,1,92,4826,5246
fa10-01-53,2010-10-24 22:59,1287928740,22,1,54,-44,-130
fa10-01-53,2010-10-24 23:55,1287932100,23,1,58,-12,-62
fa10-01-53,2010-10-25 0:18,1287933480,0,2,54,23,3
fa10-01-53,2010-10-25 1:47,1287938820,1,2,68,-86,-195
fa10-01-53,2010-10-25 2:43,1287942180,2,2,99,-114,-179
fa10-01-53,2010-10-25 3:06,1287943560,3,2,54,-168,-233
fa10-01-53,2010-10-25 4:02,1287946920,4,2,68,-137,-214
fa10-01-53,2010-10-25 4:58,1287950280,4,2,66,-99,-154
fa10-01-53,2010-10-25 5:21,1287951660,5,2,72,-68,-145
fa10-01-53,2010-10-25 5:43,1287952980,5,2,54,-67,-145
fa10-01-53,2010-10-25 6:40,1287956400,6,2,58,-17,-99
fa10-01-53,2010-10-25 7:36,1287959760,7,2,68,-274,-358
fa10-01-53,2010-10-25 7:59,1287961140,7,2,80,16,21
fa10-01-53,2010-10-25 8:22,1287962520,8,2,20,3759,3582
fa10-01-53,2010-10-25 8:44,1287963840,8,2,93,4756,5151
fa10-01-53,2010-10-25 9:18,1287965880,9,2,150,4902,5378
fa10-01-53,2010-10-25 10:13,1287969180,10,2,75,4933,5424
fa10-01-53,2010-10-25 10:23,1287969780,10,2,103,4836,5268
fa10-01-53,2010-10-25 10:32,1287970320,10,2,65,2450,2802
fa10-01-53,2010-10-25 10:43,1287970980,10,2,65,2437,2782
fa10-01-53,2010-10-25 11:49,1287974940,11,2,60,2467,2834
fa10-01-53,2010-10-25 13:28,1287980880,13,2,20,4277,4307
fa10-01-53,2010-10-25 13:51,1287982260,13,2,150,4957,5453
fa10-01-53,2010-10-25 14:24,1287984240,14,2,75,4933,5424
fa10-01-53,2010-10-25 14:53,1287985980,14,2,109,4783,5178
fa10-01-53,2010-10-25 15:26,1287987960,15,2,55,4912,5412
fa10-01-53,2010-10-25 15:59,1287989940,15,2,68,4603,4865
fa10-01-53,2010-10-25 16:22,1287991320,16,2,60,4914,5408
fa10-01-53,2010-10-25 16:55,1287993300,16,2,100,4745,5127
fa10-01-53,2010-10-25 17:03,1287993780,17,2,150,5023,5542
fa10-01-53,2010-10-25 17:13,1287994380,17,2,150,4968,5470
fa10-01-53,2010-10-25 17:46,1287996360,17,2,101,4735,5120
fa10-01-53,2010-10-25 18:19,1287998340,18,2,87,4798,5208
fa10-01-53,2010-10-25 19:58,1288004280,19,2,68,-48,-160
fa10-01-53,2010-10-25 20:21,1288005660,20,2,107,-158,-292
fa10-01-53,2010-10-25 21:50,1288011000,21,2,792,347,145
fa10-01-53,2010-10-25 22:23,1288012980,22,2,60,-8,-50
fa10-01-53,2010-10-25 22:56,1288014960,22,2,792,347,145
fa10-01-53,2010-10-25 23:29,1288016940,23,2,58,-83,-161
fa10-01-53,2010-10-25 23:52,1288018320,23,2,60,-8,-50
fa10-01-53,2010-10-26 0:25,1288020300,0,3,60,-8,-50
fa10-01-53,2010-10-26 0:58,1288022280,0,3,60,-23,-68
fa10-01-53,2010-10-26 8:17,1288048620,8,3,20,-99,-160
fa10-01-53,2010-10-26 8:27,1288049220,8,3,150,4957,5474
fa10-01-53,2010-10-26 8:38,1288049880,8,3,99,4719,5095
fa10-01-53,2010-10-26 8:41,1288050060,8,3,110,4827,5243
fa10-01-53,2010-10-26 9:14,1288052040,9,3,698,4992,5354
fa10-01-53,2010-10-26 9:47,1288054020,9,3,698,4992,5354
fa10-01-53,2010-10-26 10:20,1288056000,10,3,143,4567,4848
fa10-01-53,2010-10-26 10:43,1288057380,10,3,76,4778,5171
fa10-01-53,2010-10-26 11:16,1288059360,11,3,698,4992,5354
fa10-01-53,2010-10-26 11:49,1288061340,11,3,29,4690,5183
fa10-01-53,2010-10-26 12:13,1288062780,12,3,105,4746,5131
fa10-01-53,2010-10-26 12:43,1288064580,12,3,72,3005,5291
fa10-01-53,2010-10-26 13:08,1288066080,13,3,54,3000,3313
fa10-01-53,2010-10-26 13:32,1288067520,13,3,99,3057,3272
fa10-01-53,2010-10-26 13:57,1288069020,13,3,58,3048,3255
fa10-01-53,2010-10-26 14:56,1288072560,14,3,698,4992,5354
fa10-01-53,2010-10-26 15:29,1288074540,15,3,97,4761,5163
fa10-01-53,2010-10-26 16:39,1288078740,16,3,698,4992,5354
fa10-01-53,2010-10-26 17:12,1288080720,17,3,698,4992,5354
fa10-01-53,2010-10-26 19:28,1288088880,19,3,792,347,145
fa10-01-53,2010-10-26 20:01,1288090860,20,3,60,3,-37
fa10-01-53,2010-10-26 21:07,1288094820,21,3,60,7,-35
fa10-01-53,2010-10-26 21:43,1288096980,21,3,99,-55,-163
fa10-01-53,2010-10-26 22:06,1288098360,22,3,60,3,-37
fa10-01-53,2010-10-26 22:40,1288100400,22,3,54,-67,-158
fa10-01-53,2010-10-26 23:04,1288101840,23,3,58,-25,-123
fa10-01-53,2010-10-26 23:28,1288103280,23,3,20,-116,-215
fa10-01-53,2010-10-26 23:52,1288104720,23,3,132,64,83
fa10-01-53,2010-10-27 0:15,1288106100,0,4,68,185,195
fa10-01-53,2010-10-27 0:38,1288107480,0,4,29,171,201
fa10-01-53,2010-10-27 1:03,1288108980,1,4,132,-79,-180
fa10-01-53,2010-10-27 2:39,1288114740,2,4,72,-74,-160
fa10-01-53,2010-10-27 3:04,1288116240,3,4,58,-168,-339
fa10-01-53,2010-10-27 3:29,1288117740,3,4,80,-135,-239
fa10-01-53,2010-10-27 4:28,1288121280,4,4,54,-5,-74
fa10-01-53,2010-10-27 4:51,1288122660,4,4,20,-35,-139
fa10-01-53,2010-10-27 5:53,1288126380,5,4,101,-51,-151
fa10-01-53,2010-10-27 6:16,1288127760,6,4,45,-68,-162
fa10-01-53,2010-10-27 6:39,1288129140,6,4,99,-88,-206
fa10-01-53,2010-10-27 10:21,1288142460,10,4,10,128,231
fa10-01-53,2010-10-27 11:51,1288147860,11,4,56,3022,3343
fa10-01-53,2010-10-27 13:23,1288153380,13,4,90,4811,5221
fa10-01-53,2010-10-27 13:56,1288155360,13,4,686,4974,5328
fa10-01-53,2010-10-27 14:29,1288157340,14,4,94,4718,5095
fa10-01-53,2010-10-27 15:02,1288159320,15,4,97,4750,5138
fa10-01-53,2010-10-27 15:35,1288161300,15,4,686,4974,5328
fa10-01-53,2010-10-27 16:08,1288163280,16,4,54,4768,5117
fa10-01-53,2010-10-27 17:08,1288166880,17,4,99,4716,5091
fa10-01-53,2010-10-27 17:41,1288168860,17,4,686,4974,5328
fa10-01-53,2010-10-27 18:14,1288170840,18,4,202,4783,5199
fa10-01-53,2010-10-27 18:38,1288172280,18,4,54,2387,2754
fa10-01-53,2010-10-27 19:00,1288173600,19,4,58,-5,-129
fa10-01-53,2010-10-27 19:27,1288175220,19,4,72,-66,-150
fa10-01-53,2010-10-27 19:49,1288176540,19,4,54,37,-66
fa10-01-53,2010-10-27 20:47,1288180020,20,4,68,-43,-131
fa10-01-53,2010-10-27 21:13,1288181580,21,4,791,292,110
fa10-01-53,2010-10-27 21:46,1288183560,21,4,60,-2,-44
fa10-01-53,2010-10-27 22:56,1288187760,22,4,27,815,458
fa10-01-53,2010-10-27 23:20,1288189200,23,4,36,-42,-72
fa10-01-53,2010-10-27 23:44,1288190640,23,4,40,-51,-143
fa10-01-53,2010-10-28 0:11,1288192260,0,5,130,-39,-105
fa10-01-53,2010-10-28 0:34,1288193640,0,5,60,-8,-50
fa10-01-53,2010-10-28 1:11,1288195860,1,5,130,6,-116
fa10-01-53,2010-10-28 1:35,1288197300,1,5,68,0,-95
fa10-01-53,2010-10-28 1:59,1288198740,1,5,54,-70,-157
fa10-01-53,2010-10-28 2:24,1288200240,2,5,66,-38,-119
fa10-01-53,2010-10-28 2:49,1288201740,2,5,60,-8,-50
fa10-01-53,2010-10-28 3:24,1288203840,3,5,72,-81,-162
fa10-01-53,2010-10-28 3:48,1288205280,3,5,51,-56,-194
fa10-01-53,2010-10-28 4:14,1288206840,4,5,97,-14,-155
fa10-01-53,2010-10-28 4:37,1288208220,4,5,193,-60,-151
fa10-01-53,2010-10-28 5:00,1288209600,5,5,60,-8,-50
fa10-01-53,2010-10-28 5:33,1288211580,5,5,17,-38,-132
fa10-01-53,2010-10-28 5:57,1288213020,5,5,195,-80,-225
fa10-01-53,2010-10-28 6:23,1288214580,6,5,80,-15,-75
fa10-01-53,2010-10-28 6:47,1288216020,6,5,58,-81,-161
fa10-01-53,2010-10-28 7:15,1288217700,7,5,60,-23,-68
fa10-01-53,2010-10-28 7:48,1288219680,7,5,17,-50,-119
fa10-01-53,2010-10-28 8:14,1288221240,8,5,97,-38,-117
fa10-01-53,2010-10-28 8:39,1288222740,8,5,60,-8,-50
fa10-01-53,2010-10-28 9:12,1288224720,9,5,49,-21,-78
fa10-01-53,2010-10-28 9:38,1288226280,9,5,54,4,-73
fa10-01-53,2010-10-28 10:03,1288227780,10,5,13,1064,889
fa10-01-53,2010-10-28 12:06,1288235160,12,5,93,4939,5341
fa10-01-53,2010-10-28 12:40,1288237200,12,5,78,4835,5251
fa10-01-53,2010-10-28 13:13,1288239180,13,5,52,3041,3259
fa10-01-53,2010-10-28 13:46,1288241160,13,5,68,3015,3179
fa10-01-53,2010-10-28 19:09,1288260540,19,5,51,4783,5138
fa10-01-53,2010-10-28 19:33,1288261980,19,5,58,-59,-135
fa10-01-53,2010-10-28 20:28,1288265280,20,5,58,-55,-154
fa10-01-53,2010-10-28 21:24,1288268640,21,5,54,-70,-125
fa10-01-53,2010-10-28 21:48,1288270080,21,5,54,-72,-222
fa10-01-53,2010-10-28 22:11,1288271460,22,5,68,-65,-142
fa10-01-53,2010-10-28 23:07,1288274820,23,5,54,-116,-183
fa10-01-53,2010-10-29 1:42,1288284120,1,6,36,62,-8
fa10-01-53,2010-10-29 2:38,1288287480,2,6,58,-57,-114
fa10-01-53,2010-10-29 3:01,1288288860,3,6,51,-50,-103
fa10-01-53,2010-10-29 3:24,1288290240,3,6,36,-78,-153
fa10-01-53,2010-10-29 3:47,1288291620,3,6,58,-51,-171
fa10-01-53,2010-10-29 4:10,1288293000,4,6,68,-13,-129
fa10-01-53,2010-10-29 4:33,1288294380,4,6,99,-58,-112
fa10-01-53,2010-10-29 5:29,1288297740,5,6,99,-21,-73
fa10-01-53,2010-10-29 5:52,1288299120,5,6,65,-176,-312
fa10-01-53,2010-10-29 6:48,1288302480,6,6,72,-39,-77
fa10-01-53,2010-10-29 7:10,1288303800,7,6,27,-95,-112
fa10-01-53,2010-10-29 7:34,1288305240,7,6,150,-36,-85
fa10-01-53,2010-10-29 8:07,1288307220,8,6,107,-14,-55
fa10-01-53,2010-10-29 8:34,1288308840,8,6,51,4797,5159
fa10-01-53,2010-10-29 9:31,1288312260,9,6,76,4840,5283
fa10-01-53,2010-10-29 10:37,1288316220,10,6,81,4756,5145
fa10-01-53,2010-10-29 11:13,1288318380,11,6,94,4844,5215
fa10-01-53,2010-10-29 11:48,1288320480,11,6,686,4974,5328
fa10-01-53,2010-10-29 12:21,1288322460,12,6,78,2857,3031
fa10-01-53,2010-10-29 12:54,1288324440,12,6,62,2855,3047
fa10-01-53,2010-10-29 14:01,1288328460,14,6,686,4974,5328
fa10-01-53,2010-10-29 14:34,1288330440,14,6,83,4810,5224
fa10-01-53,2010-10-29 15:04,1288332240,15,6,86,4860,5227
fa10-01-53,2010-10-29 15:37,1288334220,15,6,686,4974,5328
fa10-01-53,2010-10-29 16:10,1288336200,16,6,81,4756,5145
fa10-01-53,2010-10-29 16:43,1288338180,16,6,83,4810,5224
fa10-01-53,2010-10-29 17:50,1288342200,17,6,7,1010,-424
fa10-01-53,2010-10-29 18:48,1288345680,18,6,54,-745,-1374
fa10-01-53,2010-10-29 19:12,1288347120,19,6,13,-399,-278
fa10-01-53,2010-10-29 19:36,1288348560,19,6,54,-57,-122
fa10-01-53,2010-10-29 20:33,1288351980,20,6,80,-152,-227
fa10-01-53,2010-10-29 21:30,1288355400,21,6,137,-90,-148
fa10-01-53,2010-10-29 21:53,1288356780,21,6,143,-57,-202
fa10-01-53,2010-10-29 22:17,1288358220,22,6,25,-3,-91
fa10-01-53,2010-10-29 22:40,1288359600,22,6,54,-37,-123
fa10-01-53,2010-10-29 23:04,1288361040,23,6,58,-189,-241
fa10-01-53,2010-10-29 23:27,1288362420,23,6,65,50,111
fa10-01-53,2010-10-29 23:50,1288363800,23,6,72,82,19
fa10-01-53,2010-10-30 1:19,1288369140,1,7,25,-4,-111
fa10-01-53,2010-10-30 1:42,1288370520,1,7,54,-18,-96
fa10-01-53,2010-10-30 2:05,1288371900,2,7,58,-33,-99
fa10-01-53,2010-10-30 2:28,1288373280,2,7,54,-21,-99
fa10-01-53,2010-10-30 2:51,1288374660,2,7,54,-39,-164
fa10-01-53,2010-10-30 3:14,1288376040,3,7,58,-76,-140
fa10-01-53,2010-10-30 4:10,1288379400,4,7,45,-44,-98
fa10-01-53,2010-10-30 4:33,1288380780,4,7,54,-98,-170
fa10-01-53,2010-10-30 4:56,1288382160,4,7,66,50,-13
fa10-01-53,2010-10-30 5:19,1288383540,5,7,107,-17,-122
fa10-01-53,2010-10-30 5:43,1288384980,5,7,91,-50,-144
fa10-01-53,2010-10-30 6:05,1288386300,6,7,101,-465,-528
fa10-01-53,2010-10-30 7:01,1288389660,7,7,58,-55,-133
fa10-01-53,2010-10-30 7:24,1288391040,7,7,58,-38,-72
fa10-01-53,2010-10-30 7:47,1288392420,7,7,58,-99,-130
fa10-01-53,2010-10-30 8:10,1288393800,8,7,20,-53,-141
fa10-01-53,2010-10-30 9:39,1288399140,9,7,54,-59,-140
fa10-01-53,2010-10-30 10:02,1288400520,10,7,58,-49,-170
fa10-01-53,2010-10-30 10:25,1288401900,10,7,54,-35,-145
fa10-01-53,2010-10-30 10:48,1288403280,10,7,40,-20,-87
fa10-01-53,2010-10-30 11:13,1288404780,11,7,45,-50,-110
fa10-01-53,2010-10-30 11:36,1288406160,11,7,56,1856,1805
fa10-01-53,2010-10-30 12:12,1288408320,12,7,13,1779,1684
fa10-01-53,2010-10-30 13:10,1288411800,13,7,60,2136,2203
fa10-01-53,2010-10-30 13:44,1288413840,13,7,130,2190,2335
fa10-01-53,2010-10-30 14:07,1288415220,14,7,60,62,64
fa10-01-53,2010-10-30 14:40,1288417200,14,7,60,50,47
fa10-01-53,2010-10-30 15:14,1288419240,15,7,60,3204,3111
fa10-01-53,2010-10-30 15:47,1288421220,15,7,732,2992,2807
fa10-01-53,2010-10-30 16:20,1288423200,16,7,137,-72,-185
fa10-01-53,2010-10-30 16:45,1288424700,16,7,877,649,956
fa10-01-53,2010-10-30 17:18,1288426680,17,7,877,649,956
fa10-01-53,2010-10-30 17:51,1288428660,17,7,60,88,95
fa10-01-53,2010-10-30 18:24,1288430640,18,7,33,18,27
fa10-01-53,2010-10-30 18:47,1288432020,18,7,60,92,94
fa10-01-53,2010-10-30 19:20,1288434000,19,7,25,49,44
fa10-01-53,2010-10-30 19:44,1288435440,19,7,72,-10,-41
fa10-01-53,2010-10-30 20:10,1288437000,20,7,20,3447,2633
fa10-01-53,2010-10-30 20:33,1288438380,20,7,107,3499,2610
fa10-01-53,2010-10-30 23:12,1288447920,23,7,91,-110,-155
fa10-01-53,2010-10-30 23:35,1288449300,23,7,72,20,21
fa10-01-53,2010-10-30 23:59,1288450740,23,7,60,3,-37
fa10-01-53,2010-10-31 1:05,1288454700,1,1,60,3,-37
fa10-01-53,2010-10-31 12:47,1288496820,12,1,60,-21,-66
fa10-01-53,2010-10-31 13:20,1288498800,13,1,60,-8,-50
fa10-01-53,2010-10-31 13:52,1288500720,13,1,80,189,147
fa10-01-53,2010-10-31 16:31,1288510260,16,1,72,-32,-148
fa10-01-53,2010-10-31 17:27,1288513620,17,1,150,-36,-85
fa10-01-53,2010-11-01 10:30,1288575000,10,2,7,2260,2142
fa10-01-53,2010-11-01 11:59,1288580340,11,2,60,2161,2187
fa10-01-53,2010-11-01 13:39,1288586340,13,2,88,4858,5304
fa10-01-53,2010-11-01 14:12,1288588320,14,2,686,4974,5328
fa10-01-53,2010-11-01 15:18,1288592280,15,2,97,4818,5243
fa10-01-53,2010-11-01 15:51,1288594260,15,2,84,4842,5289
fa10-01-53,2010-11-01 16:24,1288596240,16,2,102,4804,5214
fa10-01-53,2010-11-01 16:57,1288598220,16,2,686,4974,5328
fa10-01-53,2010-11-01 17:30,1288600200,17,2,68,4739,5026
fa10-01-53,2010-11-01 17:53,1288601580,17,2,75,4930,5409
fa10-01-53,2010-11-01 18:26,1288603560,18,2,68,4861,5296
fa10-01-53,2010-11-01 18:49,1288604940,18,2,29,4629,4916
fa10-01-53,2010-11-01 19:45,1288608300,19,2,286,4453,4807
fa10-01-53,2010-11-01 20:08,1288609680,20,2,68,-46,-130
fa10-01-53,2010-11-02 7:43,1288651380,7,3,150,-36,-85
fa10-01-53,2010-11-02 8:52,1288655520,8,3,51,-47,-149
fa10-01-53,2010-11-02 10:21,1288660860,10,3,63,4843,5209
fa10-01-53,2010-11-02 10:58,1288663080,10,3,130,4593,4926
fa10-01-53,2010-11-02 11:20,1288664400,11,3,86,4862,5263
fa10-01-53,2010-11-02 12:27,1288668420,12,3,686,4974,5328
fa10-01-53,2010-11-02 12:50,1288669800,12,3,103,4880,5290
fa10-01-53,2010-11-02 13:25,1288671900,13,3,72,3047,3250
fa10-01-53,2010-11-02 15:03,1288677780,15,3,88,4787,5179
fa10-01-53,2010-11-02 16:44,1288683840,16,3,60,4290,4602
fa10-01-53,2010-11-02 17:17,1288685820,17,3,60,4302,4611
fa10-01-53,2010-11-02 17:54,1288688040,17,3,60,4282,4590
fa10-01-53,2010-11-02 18:27,1288690020,18,3,606,4354,4422
fa10-01-53,2010-11-02 19:00,1288692000,19,3,68,2,-36
fa10-01-53,2010-11-02 19:23,1288693380,19,3,54,-54,-157
fa10-01-53,2010-11-02 19:46,1288694760,19,3,51,-178,-287
fa10-01-53,2010-11-02 20:10,1288696200,20,3,54,-17,-87
fa10-01-53,2010-11-02 21:09,1288699740,21,3,273,47,3
fa10-01-53,2010-11-02 21:33,1288701180,21,3,72,-149,-231
fa10-01-53,2010-11-02 21:58,1288702680,21,3,66,111,55
fa10-01-53,2010-11-02 22:23,1288704180,22,3,80,-18,-163
fa10-01-53,2010-11-02 22:49,1288705740,22,3,58,449,559
fa10-01-53,2010-11-02 23:45,1288709100,23,3,58,-88,-211
fa10-01-53,2010-11-03 0:08,1288710480,0,4,68,-481,-627
fa10-01-53,2010-11-03 0:31,1288711860,0,4,80,183,455
fa10-01-53,2010-11-03 0:54,1288713240,0,4,51,38,-68
fa10-01-53,2010-11-03 1:17,1288714620,1,4,107,-109,-240
fa10-01-53,2010-11-03 1:40,1288716000,1,4,54,-126,-205
fa10-01-53,2010-11-03 2:03,1288717380,2,4,54,-80,-159
fa10-01-53,2010-11-03 2:26,1288718760,2,4,58,-50,-132
fa10-01-53,2010-11-03 2:49,1288720140,2,4,54,-120,-214
fa10-01-53,2010-11-03 3:45,1288723500,3,4,66,-68,-135
fa10-01-53,2010-11-03 4:08,1288724880,4,4,51,-70,-135
fa10-01-53,2010-11-03 4:31,1288726260,4,4,54,-57,-139
fa10-01-53,2010-11-03 4:54,1288727640,4,4,72,-50,-126
fa10-01-53,2010-11-03 5:17,1288729020,5,4,51,-11,-68
fa10-01-53,2010-11-03 6:13,1288732380,6,4,68,0,-75
fa10-01-53,2010-11-03 11:34,1288751640,11,4,60,2436,2784
fa10-01-53,2010-11-03 12:07,1288753620,12,4,150,4987,5525
fa10-01-53,2010-11-03 13:14,1288757640,13,4,86,4788,5194
fa10-01-53,2010-11-03 13:49,1288759740,13,4,686,4974,5328
fa10-01-53,2010-11-03 14:22,1288761720,14,4,94,4787,5178
fa10-01-53,2010-11-03 14:55,1288763700,14,4,94,4771,5153
fa10-01-53,2010-11-03 15:30,1288765800,15,4,93,4809,5224
fa10-01-53,2010-11-03 16:05,1288767900,16,4,686,4974,5328
fa10-01-53,2010-11-03 16:40,1288770000,16,4,76,4767,5146
fa10-01-53,2010-11-03 17:13,1288771980,17,4,102,4833,5264
fa10-01-53,2010-11-03 17:46,1288773960,17,4,686,4974,5328
fa10-01-53,2010-11-03 18:19,1288775940,18,4,89,4751,5131
fa10-01-53,2010-11-03 18:52,1288777920,18,4,60,4309,4611
fa10-01-53,2010-11-03 20:31,1288783860,20,4,150,-36,-85
fa10-01-53,2010-11-03 22:10,1288789800,22,4,150,-36,-85
fa10-01-53,2010-11-04 7:32,1288823520,7,5,150,-36,-85
fa10-01-53,2010-11-04 11:26,1288837560,11,5,17,-397,-441
fa10-01-53,2010-11-04 12:22,1288840920,12,5,65,2565,2639
fa10-01-53,2010-11-04 13:29,1288844940,13,5,893,3200,4078
fa10-01-53,2010-11-04 15:43,1288852980,15,5,75,4781,5175
fa10-01-53,2010-11-04 17:22,1288858920,17,5,150,4969,5509
fa10-01-53,2010-11-04 17:57,1288861020,17,5,84,4807,5221
fa10-01-53,2010-11-04 22:26,1288877160,22,5,193,-2279246,-496347
fa10-01-53,2010-11-05 10:23,1288920180,10,6,84,4835,5265
fa10-01-53,2010-11-05 10:56,1288922160,10,6,686,4974,5328
fa10-01-53,2010-11-05 11:29,1288924140,11,6,686,4974,5328
fa10-01-53,2010-11-05 12:02,1288926120,12,6,61,2865,3046
fa10-01-53,2010-11-05 13:40,1288932000,13,6,86,4817,5259
fa10-01-53,2010-11-05 14:14,1288934040,14,6,686,4974,5328
fa10-01-53,2010-11-05 14:47,1288936020,14,6,89,4805,5214
fa10-01-53,2010-11-05 15:20,1288938000,15,6,82,4798,5212
fa10-01-53,2010-11-05 15:53,1288939980,15,6,87,4794,5195
fa10-01-53,2010-11-05 16:26,1288941960,16,6,150,4970,5460
fa10-01-53,2010-11-05 18:05,1288947900,18,6,77,4745,5129
fa10-01-53,2010-11-05 18:38,1288949880,18,6,150,563,-96
fa10-01-53,2010-11-05 19:11,1288951860,19,6,150,563,-96
fa10-01-53,2010-11-07 13:54,1289105640,13,1,150,4977,5475
fa10-01-53,2010-11-07 14:27,1289107620,14,1,107,4766,5191
fa10-01-53,2010-11-07 15:00,1289109600,15,1,686,4974,5328
fa10-01-53,2010-11-07 15:33,1289111580,15,1,84,4803,5209
fa10-01-53,2010-11-07 16:06,1289113560,16,1,686,4974,5328
fa10-01-53,2010-11-07 18:21,1289121660,18,1,88,4783,5174
fa10-01-53,2010-11-07 18:56,1289123760,18,1,686,4974,5328
fa10-01-53,2010-11-08 7:26,1289168760,7,2,150,-36,-85
fa10-01-53,2010-11-08 10:14,1289178840,10,2,60,2438,2784
fa10-01-53,2010-11-08 10:48,1289180880,10,2,893,3200,4078
fa10-01-53,2010-11-08 11:21,1289182860,11,2,65,2450,2802
fa10-01-53,2010-11-08 11:54,1289184840,11,2,893,3200,4078
fa10-01-53,2010-11-08 16:21,1289200860,16,2,87,4852,5271
fa10-01-53,2010-11-08 17:58,1289206680,17,2,101,4800,5203
fa10-01-53,2010-11-08 18:32,1289208720,18,2,150,-36,-85
fa10-01-53,2010-11-08 21:17,1289218620,21,2,150,-36,-85
fa10-01-53,2010-11-09 7:12,1289254320,7,3,150,-36,-85
fa10-01-53,2010-11-09 11:05,1289268300,11,3,150,-36,-85
fa10-01-53,2010-11-09 11:38,1289270280,11,3,10,2166,1968
fa10-01-53,2010-11-09 12:35,1289273700,12,3,54,2934,3133
fa10-01-53,2010-11-09 13:07,1289275620,13,3,115,2785,3004
fa10-01-53,2010-11-09 15:43,1289284980,15,3,150,5011,5539
fa10-01-53,2010-11-09 16:13,1289286780,16,3,67,4895,5321
fa10-01-53,2010-11-09 16:47,1289288820,16,3,686,4974,5328
fa10-01-53,2010-11-09 17:20,1289290800,17,3,73,4885,5340
fa10-01-53,2010-11-09 20:05,1289300700,20,3,97,-128,-250
fa10-01-53,2010-11-09 20:28,1289302080,20,3,66,20,-155
fa10-01-53,2010-11-09 21:24,1289305440,21,3,58,-5,-142
fa10-01-53,2010-11-09 21:47,1289306820,21,3,68,287,46
fa10-01-53,2010-11-09 22:43,1289310180,22,3,72,-56,-350
fa10-01-53,2010-11-09 23:06,1289311560,23,3,68,-115,-262
fa10-01-53,2010-11-09 23:29,1289312940,23,3,101,176,-33
fa10-01-53,2010-11-09 23:52,1289314320,23,3,51,-55,-201
fa10-01-53,2010-11-10 0:15,1289315700,0,4,54,-120,-202
fa10-01-53,2010-11-10 0:38,1289317080,0,4,49,-149,-169
fa10-01-53,2010-11-10 1:01,1289318460,1,4,68,-123,-230
fa10-01-53,2010-11-10 1:57,1289321820,1,4,27,26,-37
fa10-01-53,2010-11-10 2:20,1289323200,2,4,99,-9,-122
fa10-01-53,2010-11-10 2:43,1289324580,2,4,51,-27,-122
fa10-01-53,2010-11-10 3:06,1289325960,3,4,72,61,-93
fa10-01-53,2010-11-10 3:30,1289327400,3,4,18,-42,-168
fa10-01-53,2010-11-10 3:52,1289328720,3,4,80,-36,-77
fa10-01-53,2010-11-10 4:15,1289330100,4,4,40,-59,-113
fa10-01-53,2010-11-10 4:38,1289331480,4,4,23,-72,-147
fa10-01-53,2010-11-10 5:34,1289334840,5,4,66,-37,-105
fa10-01-53,2010-11-10 5:57,1289336220,5,4,58,-80,-107
fa10-01-53,2010-11-10 6:20,1289337600,6,4,99,-21,-130
fa10-01-53,2010-11-10 6:43,1289338980,6,4,68,-81,-211
fa10-01-53,2010-11-10 7:06,1289340360,7,4,58,-42,-107
fa10-01-53,2010-11-10 7:29,1289341740,7,4,58,-53,-146
fa10-01-53,2010-11-10 7:53,1289343180,7,4,80,-143,-211
fa10-01-53,2010-11-10 8:48,1289346480,8,4,83,-7,-51
fa10-01-53,2010-11-10 9:21,1289348460,9,4,83,-19,-66
fa10-01-53,2010-11-10 9:54,1289350440,9,4,83,-1,-43
fa10-01-53,2010-11-10 10:28,1289352480,10,4,72,2457,2720
fa10-01-53,2010-11-10 11:23,1289355780,11,4,65,2447,2795
fa10-01-53,2010-11-10 11:56,1289357760,11,4,60,2122,2132
fa10-01-53,2010-11-10 12:29,1289359740,12,4,13,4505,5003
fa10-01-53,2010-11-10 20:01,1289386860,20,4,150,-14,-60
fa10-01-53,2010-11-10 20:34,1289388840,20,4,150,-14,-60
fa10-01-53,2010-11-11 5:22,1289420520,5,5,40,-101,-167
fa10-01-53,2010-11-11 5:46,1289421960,5,5,195,48,27
fa10-01-53,2010-11-11 6:09,1289423340,6,5,115,-109,-142
fa10-01-53,2010-11-11 7:04,1289426640,7,5,198,117,187
fa10-01-53,2010-11-11 9:06,1289433960,9,5,80,-24,-51
fa10-01-53,2010-11-11 10:03,1289437380,10,5,150,-14,-60
fa10-01-53,2010-11-11 11:08,1289441280,11,5,150,4819,5259
fa10-01-53,2010-11-11 11:41,1289443260,11,5,97,4651,5035
fa10-01-53,2010-11-11 12:14,1289445240,12,5,686,4974,5328
fa10-01-53,2010-11-11 12:47,1289447220,12,5,75,4639,5126
fa10-01-53,2010-11-11 13:53,1289451180,13,5,91,4626,4975
fa10-01-53,2010-11-11 14:26,1289453160,14,5,686,4974,5328
fa10-01-53,2010-11-11 14:59,1289455140,14,5,96,4635,4992
fa10-01-53,2010-11-11 16:05,1289459100,16,5,96,4657,5022
fa10-01-53,2010-11-11 17:11,1289463060,17,5,150,4867,5323
fa10-01-53,2010-11-11 19:23,1289470980,19,5,105,4676,5071
fa10-01-53,2010-11-11 19:56,1289472960,19,5,96,4649,5032
fa10-01-53,2010-11-12 6:56,1289512560,6,6,150,-14,-60
fa10-01-53,2010-11-12 9:07,1289520420,9,6,83,-3,-45
fa10-01-53,2010-11-12 19:03,1289556180,19,6,60,7703,7868
fa10-01-53,2010-11-12 20:08,1289560080,20,6,150,7699,7845
fa10-01-53,2010-11-13 12:35,1289619300,12,7,150,-14,-60
fa10-01-53,2010-11-13 13:42,1289623320,13,7,150,-14,-60
fa10-01-53,2010-11-13 14:16,1289625360,14,7,111,21,-43
fa10-01-53,2010-11-13 14:50,1289627400,14,7,39,1625,1536
fa10-01-53,2010-11-13 15:24,1289629440,15,7,60,1638,1542
fa10-01-53,2010-11-13 15:57,1289631420,15,7,16,958,832
fa10-01-53,2010-11-13 16:21,1289632860,16,7,150,1239,957
fa10-01-53,2010-11-13 16:56,1289634960,16,7,58,33,-53
fa10-01-53,2010-11-13 17:20,1289636400,17,7,150,1239,957
fa10-01-53,2010-11-13 18:27,1289640420,18,7,66,-63,-167
fa10-01-53,2010-11-13 18:50,1289641800,18,7,101,-192,-461
fa10-01-53,2010-11-13 19:15,1289643300,19,7,150,1239,957
fa10-01-53,2010-11-13 19:49,1289645340,19,7,97,-79,-158
fa10-01-53,2010-11-13 20:13,1289646780,20,7,150,1239,957
fa10-01-53,2010-11-13 20:47,1289648820,20,7,68,-142,-214
fa10-01-53,2010-11-13 21:12,1289650320,21,7,58,-94,-211
fa10-01-53,2010-11-13 21:35,1289651700,21,7,150,1239,957
fa10-01-53,2010-11-13 22:09,1289653740,22,7,150,1239,957
fa10-01-53,2010-11-13 22:42,1289655720,22,7,137,-70,-271
fa10-01-53,2010-11-13 23:05,1289657100,23,7,260,144,3
fa10-01-53,2010-11-13 23:29,1289658540,23,7,132,-23,-99
fa10-01-53,2010-11-13 23:52,1289659920,23,7,58,-68,-185
fa10-01-53,2010-11-14 15:21,1289715660,15,1,150,-14,-60
fa10-01-53,2010-11-14 15:37,1289716620,15,1,49,-288,-177
fa10-01-53,2010-11-14 18:12,1289725920,18,1,150,-14,-60
fa10-01-53,2010-11-14 20:27,1289734020,20,1,72,-104,-203
fa10-01-53,2010-11-14 20:53,1289735580,20,1,54,-34,-100
fa10-01-53,2010-11-14 21:17,1289737020,21,1,150,-14,-60
fa10-01-53,2010-11-14 21:53,1289739180,21,1,99,-126,-281
fa10-01-53,2010-11-14 22:20,1289740800,22,1,68,-100,-204
fa10-01-53,2010-11-14 22:46,1289742360,22,1,97,-25,-167
fa10-01-53,2010-11-15 7:50,1289775000,7,2,20,-76,-172
fa10-01-53,2010-11-15 8:48,1289778480,8,2,54,-11,-86
fa10-01-53,2010-11-15 9:12,1289779920,9,2,54,-22,-109
fa10-01-53,2010-11-15 9:35,1289781300,9,2,51,-4,-81
fa10-01-53,2010-11-15 10:35,1289784900,10,2,65,2470,2812
fa10-01-53,2010-11-15 11:42,1289788920,11,2,143,2630,3026
fa10-01-53,2010-11-15 12:05,1289790300,12,2,294,2107,2124
fa10-01-53,2010-11-15 12:38,1289792280,12,2,34,4306,4473
fa10-01-53,2010-11-15 13:02,1289793720,13,2,92,4714,5129
fa10-01-53,2010-11-15 13:38,1289795880,13,2,202,4514,4824
fa10-01-53,2010-11-15 14:02,1289797320,14,2,94,4624,4986
fa10-01-53,2010-11-15 14:35,1289799300,14,2,107,4954,5359
fa10-01-53,2010-11-15 14:59,1289800740,14,2,150,4866,5359
fa10-01-53,2010-11-15 15:32,1289802720,15,2,104,4667,5050
fa10-01-53,2010-11-16 8:33,1289863980,8,3,36,31,-15
fa10-01-53,2010-11-16 9:03,1289865780,9,3,58,25,-48
fa10-01-53,2010-11-16 10:01,1289869260,10,3,49,-74,-121
fa10-01-53,2010-11-16 10:24,1289870640,10,3,68,-46,-139
fa10-01-53,2010-11-16 10:48,1289872080,10,3,97,-36,-134
fa10-01-53,2010-11-16 11:07,1289873220,11,3,72,-48,-118
fa10-01-53,2010-11-16 11:31,1289874660,11,3,83,-17,-64
fa10-01-53,2010-11-16 12:03,1289876580,12,3,40,-92,-146
fa10-01-53,2010-11-16 12:28,1289878080,12,3,34,1627,1574
fa10-01-53,2010-11-16 13:03,1289880180,13,3,52,3002,3291
fa10-01-53,2010-11-16 13:37,1289882220,13,3,908,2895,3682
fa10-01-53,2010-11-16 14:42,1289886120,14,3,55,4723,5105
fa10-01-53,2010-11-16 15:16,1289888160,15,3,686,4974,5328
fa10-01-53,2010-11-16 15:37,1289889420,15,3,98,4622,4970
fa10-01-53,2010-11-16 16:14,1289891640,16,3,92,4679,5073
fa10-01-53,2010-11-16 16:48,1289893680,16,3,100,4687,5096
fa10-01-53,2010-11-16 17:21,1289895660,17,3,99,4712,5113
fa10-01-53,2010-11-16 17:54,1289897640,17,3,36,4657,5137
fa10-01-53,2010-11-16 18:50,1289901000,18,3,101,-19,-96
fa10-01-53,2010-11-16 19:16,1289902560,19,3,83,-4,-46
fa10-01-53,2010-11-16 19:52,1289904720,19,3,68,-169,-285
fa10-01-53,2010-11-16 20:18,1289906280,20,3,83,-17,-64
fa10-01-53,2010-11-16 21:24,1289910240,21,3,83,-17,-64
fa10-01-53,2010-11-16 21:57,1289912220,21,3,791,292,110
fa10-01-53,2010-11-16 22:30,1289914200,22,3,83,-11,-55
fa10-01-53,2010-11-16 23:03,1289916180,23,3,72,179,49
fa10-01-53,2010-11-16 23:27,1289917620,23,3,99,-404,-330
fa10-01-53,2010-11-16 23:49,1289918940,23,3,54,-87,-179
fa10-01-53,2010-11-17 0:12,1289920320,0,4,27,-101,-165
fa10-01-53,2010-11-17 0:35,1289921700,0,4,58,-146,-260
fa10-01-53,2010-11-17 0:58,1289923080,0,4,27,-239,-324
fa10-01-53,2010-11-17 1:21,1289924460,1,4,54,-56,-152
fa10-01-53,2010-11-17 1:44,1289925840,1,4,99,11,-110
fa10-01-53,2010-11-17 2:07,1289927220,2,4,40,-186,-250
fa10-01-53,2010-11-17 3:36,1289932560,3,4,99,-18,-109
fa10-01-53,2010-11-17 4:32,1289935920,4,4,68,-2,-54
fa10-01-53,2010-11-17 4:56,1289937360,4,4,54,-59,-160
fa10-01-53,2010-11-17 5:51,1289940660,5,4,58,76,-29
fa10-01-53,2010-11-17 6:14,1289942040,6,4,54,-60,-131
fa10-01-53,2010-11-17 7:10,1289945400,7,4,80,-42,-84
fa10-01-53,2010-11-17 7:33,1289946780,7,4,115,-22,-12
fa10-01-53,2010-11-17 7:56,1289948160,7,4,40,90,42
fa10-01-53,2010-11-17 8:19,1289949540,8,4,58,74,-2
fa10-01-53,2010-11-17 8:42,1289950920,8,4,27,117,-49
fa10-01-53,2010-11-17 9:05,1289952300,9,4,83,-11,-55
fa10-01-53,2010-11-17 9:38,1289954280,9,4,83,-11,-55
fa10-01-53,2010-11-17 10:10,1289956200,10,4,83,-6,-49
fa10-01-53,2010-11-17 10:38,1289957880,10,4,65,2442,2794
fa10-01-53,2010-11-17 11:44,1289961840,11,4,60,2454,2809
fa10-01-53,2010-11-17 12:17,1289963820,12,4,66,4966,5510
fa10-01-53,2010-11-17 13:56,1289969760,13,4,106,4684,5077
fa10-01-53,2010-11-17 14:30,1289971800,14,4,686,4974,5328
fa10-01-53,2010-11-17 15:03,1289973780,15,4,150,4867,5335
fa10-01-53,2010-11-17 15:36,1289975760,15,4,686,4974,5328
fa10-01-53,2010-11-17 16:09,1289977740,16,4,102,4648,5016
fa10-01-53,2010-11-17 16:42,1289979720,16,4,130,3726,3429
fa10-01-53,2010-11-17 17:39,1289983140,17,4,48,102,-88
fa10-01-53,2010-11-17 18:03,1289984580,18,4,23,-1958,-2919
fa10-01-53,2010-11-17 18:27,1289986020,18,4,107,-47,-133
fa10-01-53,2010-11-17 19:04,1289988240,19,4,51,29,31
fa10-01-53,2010-11-17 19:16,1289988960,19,4,60,108,123
fa10-01-53,2010-11-18 13:17,1290053820,13,5,56,2989,3223
fa10-01-53,2010-11-18 13:50,1290055800,13,5,28,2978,3198
fa10-01-53,2010-11-19 16:05,1290150300,16,6,86,4760,5221
fa10-01-53,2010-11-21 18:22,1290331320,18,1,150,-14,-60
fa10-01-53,2010-11-23 10:49,1290476940,10,3,150,-14,-60
fa10-01-53,2010-11-26 12:05,1290740700,12,6,83,-17,-64
fa10-01-53,2010-11-26 12:37,1290742620,12,6,150,-14,-60
fa10-01-53,2010-11-26 13:09,1290744540,13,6,150,-14,-60
fa10-01-53,2010-11-26 13:22,1290745320,13,6,150,-14,-60
fa10-01-53,2010-11-26 14:10,1290748200,14,6,75,4688,5150
fa10-01-53,2010-11-26 15:16,1290752160,15,6,150,4777,5231
fa10-01-53,2010-11-29 8:55,1290988500,8,2,150,-14,-60
fa10-01-53,2010-12-06 12:25,1291605900,12,2,7,4780,5269
fa10-01-53,2010-12-08 7:19,1291760340,7,4,791,292,110
fa10-01-53,2010-12-08 12:04,1291777440,12,4,382,2111,2120
fa10-01-53,2010-12-08 15:00,1291788000,15,4,56,4765,5223
fa10-01-53,2010-12-09 12:17,1291864620,12,5,150,-65,-140
fa10-01-53,2010-12-13 8:37,1292197020,8,2,60,-6,-57
fa10-01-53,2010-12-13 9:47,1292201220,9,2,60,-16,-69
fa10-01-53,2010-12-21 9:12,1292890320,9,3,150,-19,-64
fa10-01-53,2011-01-11 14:44,1294724640,14,3,91,-6,-57
fa10-01-53,2011-01-12 9:59,1294793940,9,4,109,-2,-54
fa10-01-53,2011-01-13 9:23,1294878180,9,5,91,-6,-57
fa10-01-53,2011-01-13 9:35,1294878900,9,5,91,-6,-57
fa10-01-53,2011-01-13 9:47,1294879620,9,5,91,-6,-57
fa10-01-53,2011-01-13 9:54,1294880040,9,5,91,-6,-57
fa10-01-53,2011-01-13 10:17,1294881420,10,5,91,-6,-57
fa10-01-53,2011-01-13 10:52,1294883520,10,5,60,4719,5128
fa10-01-53,2011-01-13 11:26,1294885560,11,5,86,4769,5212
fa10-01-53,2011-01-14 15:10,1294985400,15,6,94,11,-51
fa10-01-53,2011-01-14 15:22,1294986120,15,6,72,-31,-123
fa10-01-53,2011-01-18 9:27,1295310420,9,3,94,1,-46
fa10-01-53,2011-01-18 10:01,1295312460,10,3,94,-7,-59
fa10-01-53,2011-01-22 14:31,1295674260,14,7,9,-122184,-342473
fa10-01-53,2011-01-22 14:56,1295675760,14,7,7,-120446,-337114
fa10-01-53,2011-01-22 15:19,1295677140,15,7,7,-119838,-336522
fa10-01-53,2011-01-22 15:42,1295678520,15,7,13,-121184,-339446
fa10-01-53,2011-01-24 21:10,1295871000,21,2,831,401,101
fa10-01-53,2011-01-24 21:42,1295872920,21,2,95,-7,-59
fa10-01-53,2011-01-27 13:21,1296102060,13,5,85,4775,5191
fa10-01-53,2011-01-31 8:42,1296430920,8,2,111,27,-11
fa10-01-53,2011-01-31 8:59,1296431940,8,2,111,2,-42
fa10-01-53,2011-01-31 20:31,1296473460,20,2,99,-5,-58
fa10-01-53,2011-02-03 20:34,1296732840,20,5,97,-5,-58
fa10-01-53,2011-02-07 21:11,1297080660,21,2,97,6,-44
fa10-01-53,2011-02-07 21:45,1297082700,21,2,97,-5,-58
fa10-01-53,2011-02-08 8:46,1297122360,8,3,97,6,-44
fa10-01-53,2011-02-09 11:33,1297218780,11,4,69,4801,5275
fa10-01-53,2011-02-09 11:55,1297220100,11,4,76,4766,5225
fa10-01-53,2011-02-09 12:08,1297220880,12,4,76,4702,5118
fa10-01-53,2011-02-09 12:19,1297221540,12,4,76,4789,5264
fa10-01-53,2011-02-09 13:23,1297225380,13,4,75,4766,5208
fa10-01-53,2011-02-09 21:16,1297253760,21,4,97,6,-44
fa10-01-53,2011-02-10 8:32,1297294320,8,5,97,-5,-58
fa10-01-53,2011-02-10 9:06,1297296360,9,5,7,-355,-411
fa10-01-53,2011-02-10 17:34,1297326840,17,5,67,4787,5236
fa10-01-53,2011-02-13 15:03,1297576980,15,1,97,-5,-58
fa10-01-53,2011-02-15 20:59,1297771140,20,3,6,2368,2653
fa10-01-53,2011-02-15 21:32,1297773120,21,3,68,-38,-130
fa10-01-53,2011-02-15 21:56,1297774560,21,3,20,-71,-67
fa10-01-53,2011-02-15 22:18,1297775880,22,3,40,-63,-138
fa10-01-53,2011-02-15 22:42,1297777320,22,3,10,-77,-139
fa10-01-53,2011-02-15 23:04,1297778640,23,3,29,-47,-115
fa10-01-53,2011-02-16 11:19,1297822740,11,4,61,4807,5264
fa10-01-53,2011-02-16 11:26,1297823160,11,4,63,4811,5270
fa10-01-53,2011-02-17 8:39,1297899540,8,5,110,29,-12
fa10-01-53,2011-02-22 14:57,1298354220,14,3,60,4418,4755
fa10-01-53,2011-02-24 1:27,1298478420,1,5,97,5,-45
fa10-01-53,2011-03-01 10:05,1298941500,10,3,97,12,-36
fa10-01-53,2011-03-01 10:19,1298942340,10,3,97,-5,-58
fa10-01-53,2011-03-01 10:41,1298943660,10,3,97,12,-36
fa10-01-53,2011-03-01 10:45,1298943900,10,3,97,-5,-58
fa10-01-53,2011-03-01 11:20,1298946000,11,3,97,12,-36
fa10-01-53,2011-03-02 8:51,1299023460,8,4,60,118,138
fa10-01-53,2011-03-02 12:06,1299035160,12,4,60,4727,5113
fa10-01-53,2011-03-02 12:24,1299036240,12,4,8,-70,-142
fa10-01-53,2011-03-02 17:32,1299054720,17,4,58,4683,5096
fa10-01-53,2011-03-02 18:10,1299057000,18,4,57,4801,5289
fa10-01-53,2011-03-02 18:44,1299059040,18,4,10,-52,-64
fa10-01-53,2011-03-02 19:09,1299060540,19,4,54,-61,-135
fa10-01-53,2011-03-02 19:35,1299062100,19,4,831,401,101
fa10-01-53,2011-03-02 20:53,1299066780,20,4,8,-77,-178
fa10-01-53,2011-03-02 21:17,1299068220,21,4,97,-5,-58
fa10-01-53,2011-03-02 21:52,1299070320,21,4,54,-60,-169
fa10-01-53,2011-03-02 22:17,1299071820,22,4,97,-4,-56
fa10-01-53,2011-03-02 23:22,1299075720,23,4,97,-5,-55
fa10-01-53,2011-03-02 23:55,1299077700,23,4,97,-5,-58
fa10-01-53,2011-03-03 0:28,1299079680,0,5,97,-5,-58
fa10-01-53,2011-03-03 1:01,1299081660,1,5,97,-5,-58
fa10-01-53,2011-03-03 1:36,1299083760,1,5,18,-52,-167
fa10-01-53,2011-03-03 2:02,1299085320,2,5,27,-71,-141
fa10-01-53,2011-03-03 2:28,1299086880,2,5,107,-7,-129
fa10-01-53,2011-03-03 2:54,1299088440,2,5,97,-5,-58
fa10-01-53,2011-03-03 6:46,1299102360,6,5,97,-5,-58
fa10-01-53,2011-03-03 7:15,1299104100,7,5,20,-154,-124
fa10-01-53,2011-03-03 7:38,1299105480,7,5,8,-36,-110
fa10-01-53,2011-03-03 8:01,1299106860,8,5,10,-12,-105
fa10-01-53,2011-03-03 8:22,1299108120,8,5,51,-62,-102
fa10-01-53,2011-03-03 8:47,1299109620,8,5,17,45,-11
fa10-01-53,2011-03-03 9:08,1299110880,9,5,97,-5,-58
fa10-01-53,2011-03-03 9:41,1299112860,9,5,97,-5,-58
fa10-01-53,2011-03-03 10:15,1299114900,10,5,65,4777,5225
fa10-01-53,2011-03-03 10:48,1299116880,10,5,69,4780,5244
fa10-01-53,2011-03-03 11:20,1299118800,11,5,66,4789,5250
fa10-01-53,2011-03-03 11:49,1299120540,11,5,70,4770,5237
fa10-01-53,2011-03-03 12:23,1299122580,12,5,70,4780,5244
fa10-01-53,2011-03-03 15:07,1299132420,15,5,60,3012,3000
fa10-01-53,2011-03-03 15:40,1299134400,15,5,60,3012,3000
fa10-01-53,2011-03-03 16:11,1299136260,16,5,147,4377,4717
fa10-01-53,2011-03-03 16:23,1299136980,16,5,76,4873,5364
fa10-01-53,2011-03-03 16:54,1299138840,16,5,55,4945,5433
fa10-01-53,2011-03-03 17:40,1299141600,17,5,708,1379,2086
fa10-01-53,2011-03-03 18:13,1299143580,18,5,97,-5,-58
fa10-01-53,2011-03-03 18:47,1299145620,18,5,97,21,-31
fa10-01-53,2011-03-03 19:53,1299149580,19,5,844,595,830
fa10-01-53,2011-03-03 20:29,1299151740,20,5,97,-5,-58
fa10-01-53,2011-03-03 21:07,1299154020,21,5,831,401,101
fa10-01-53,2011-03-03 21:39,1299155940,21,5,97,-5,-58
fa10-01-53,2011-03-03 22:14,1299158040,22,5,97,-5,-58
fa10-01-53,2011-03-03 23:19,1299161940,23,5,97,-5,-58
fa10-01-53,2011-03-03 23:52,1299163920,23,5,97,-5,-58
fa10-01-53,2011-03-04 0:25,1299165900,0,6,97,-5,-58
fa10-01-53,2011-03-04 0:59,1299167940,0,6,97,-5,-58
fa10-01-53,2011-03-04 1:31,1299169860,1,6,97,-5,-58
fa10-01-53,2011-03-04 2:04,1299171840,2,6,97,-5,-58
fa10-01-53,2011-03-04 2:38,1299173880,2,6,17,-10,-105
fa10-01-53,2011-03-04 3:03,1299175380,3,6,97,-5,-58
fa10-01-53,2011-03-04 3:36,1299177360,3,6,97,-5,-58
fa10-01-53,2011-03-04 4:09,1299179340,4,6,97,-5,-58
fa10-01-53,2011-03-04 4:42,1299181320,4,6,97,-5,-58
fa10-01-53,2011-03-04 5:15,1299183300,5,6,97,-5,-58
fa10-01-53,2011-03-04 7:17,1299190620,7,6,97,-4,-50
fa10-01-53,2011-03-04 7:50,1299192600,7,6,97,-5,-58
fa10-01-53,2011-03-04 8:24,1299194640,8,6,18,-17,-98
fa10-01-53,2011-03-04 8:48,1299196080,8,6,34,-39,-97
fa10-01-53,2011-03-04 9:10,1299197400,9,6,49,-49,-182
fa10-01-53,2011-03-04 9:32,1299198720,9,6,97,-5,-58
fa10-01-53,2011-03-04 10:05,1299200700,10,6,97,-5,-56
fa10-01-53,2011-03-04 10:39,1299202740,10,6,97,21,-31
fa10-01-53,2011-03-04 15:52,1299221520,15,6,74,4755,5208
fa10-01-53,2011-03-04 16:24,1299223440,16,6,71,4760,5204
fa10-01-53,2011-03-04 16:58,1299225480,16,6,68,4725,5180
fa10-01-53,2011-03-04 18:03,1299229380,18,6,671,4955,5299
fa10-01-53,2011-03-04 18:12,1299229920,18,6,63,4750,5196
fa10-01-53,2011-03-04 19:56,1299236160,19,6,677,3611,3257
fa10-01-53,2011-03-04 21:04,1299240240,21,6,97,-5,-58
fa10-01-53,2011-03-04 21:37,1299242220,21,6,97,-5,-58
fa10-01-53,2011-03-04 22:10,1299244200,22,6,97,-4,-57
fa10-01-53,2011-03-04 22:43,1299246180,22,6,97,-5,-58
fa10-01-53,2011-03-04 23:16,1299248160,23,6,97,-5,-58
fa10-01-53,2011-03-04 23:49,1299250140,23,6,97,-5,-58
fa10-01-53,2011-03-05 0:22,1299252120,0,7,97,-5,-58
fa10-01-53,2011-03-05 0:55,1299254100,0,7,97,-5,-58
fa10-01-53,2011-03-05 1:28,1299256080,1,7,97,-5,-58
fa10-01-53,2011-03-05 2:01,1299258060,2,7,97,-5,-58
fa10-01-53,2011-03-05 2:34,1299260040,2,7,97,-5,-58
fa10-01-53,2011-03-05 3:07,1299262020,3,7,97,-5,-58
fa10-01-53,2011-03-05 3:40,1299264000,3,7,97,-5,-58
fa10-01-53,2011-03-05 4:13,1299265980,4,7,97,-5,-58
fa10-01-53,2011-03-05 4:46,1299267960,4,7,97,-5,-58
fa10-01-53,2011-03-05 5:19,1299269940,5,7,97,-5,-58
fa10-01-53,2011-03-05 5:52,1299271920,5,7,97,-5,-58
fa10-01-53,2011-03-05 6:25,1299273900,6,7,97,-5,-58
fa10-01-53,2011-03-05 6:58,1299275880,6,7,97,-5,-58
fa10-01-53,2011-03-05 7:31,1299277860,7,7,97,-5,-58
fa10-01-53,2011-03-05 8:04,1299279840,8,7,97,-5,-58
fa10-01-53,2011-03-05 11:09,1299290940,11,7,97,-5,-58
fa10-01-53,2011-03-05 11:42,1299292920,11,7,97,21,-31
fa10-01-53,2011-03-05 12:15,1299294900,12,7,97,-5,-58
fa10-01-53,2011-03-05 12:48,1299296880,12,7,97,-5,-58
fa10-01-53,2011-03-05 13:21,1299298860,13,7,97,-5,-58
fa10-01-53,2011-03-05 13:54,1299300840,13,7,97,-5,-58
fa10-01-53,2011-03-05 14:27,1299302820,14,7,97,-5,-58
fa10-01-53,2011-03-05 15:02,1299304920,15,7,96,18,-27
fa10-01-53,2011-03-05 15:33,1299306780,15,7,96,-20,-61
fa10-01-53,2011-03-05 16:08,1299308880,16,7,25,1086,1464
fa10-01-53,2011-03-05 16:34,1299310440,16,7,51,112,80
fa10-01-53,2011-03-05 16:56,1299311760,16,7,97,-5,-58
fa10-01-53,2011-03-05 17:29,1299313740,17,7,97,-5,-58
fa10-01-53,2011-03-05 18:02,1299315720,18,7,97,-5,-58
fa10-01-53,2011-03-05 18:35,1299317700,18,7,97,-5,-58
fa10-01-53,2011-03-05 19:08,1299319680,19,7,97,-5,-58
fa10-01-53,2011-03-05 19:41,1299321660,19,7,97,-5,-58
fa10-01-53,2011-03-05 20:16,1299323760,20,7,97,-5,-58
fa10-01-53,2011-03-05 20:48,1299325680,20,7,97,-4,-56
fa10-01-53,2011-03-05 21:21,1299327660,21,7,97,-5,-58
fa10-01-53,2011-03-05 22:34,1299332040,22,7,97,-5,-58
fa10-01-53,2011-03-05 23:08,1299334080,23,7,97,-5,-58
fa10-01-53,2011-03-05 23:42,1299336120,23,7,97,-5,-58
fa10-01-53,2011-03-06 0:16,1299338160,0,1,97,-5,-58
fa10-01-53,2011-03-06 0:52,1299340320,0,1,58,-121,-217
fa10-01-53,2011-03-06 1:16,1299341760,1,1,49,56,-40
fa10-01-53,2011-03-06 1:39,1299343140,1,1,20,-32,-113
fa10-01-53,2011-03-06 2:05,1299344700,2,1,14,-56,-142
fa10-01-53,2011-03-06 2:28,1299346080,2,1,36,-37,-104
fa10-01-53,2011-03-06 2:56,1299347760,2,1,33,-9,-60
fa10-01-53,2011-03-06 3:20,1299349200,3,1,25,-63,-178
fa10-01-53,2011-03-06 3:47,1299350820,3,1,97,-5,-58
fa10-01-53,2011-03-06 4:19,1299352740,4,1,97,-5,-58
fa10-01-53,2011-03-06 4:52,1299354720,4,1,97,-5,-58
fa10-01-53,2011-03-06 5:27,1299356820,5,1,14,-73,-152
fa10-01-53,2011-03-06 5:51,1299358260,5,1,97,-78,-149
fa10-01-53,2011-03-06 6:15,1299359700,6,1,72,-48,-92
fa10-01-53,2011-03-06 6:38,1299361080,6,1,97,-5,-58
fa10-01-53,2011-03-06 7:13,1299363180,7,1,54,-47,-130
fa10-01-53,2011-03-06 7:37,1299364620,7,1,54,-68,-127
fa10-01-53,2011-03-06 8:01,1299366060,8,1,97,-5,-58
fa10-01-53,2011-03-06 8:35,1299368100,8,1,34,-66,-156
fa10-01-53,2011-03-06 8:59,1299369540,8,1,97,-5,-58
fa10-01-53,2011-03-06 9:33,1299371580,9,1,97,-5,-58
fa10-01-53,2011-03-06 10:08,1299373680,10,1,27,-42,-119
fa10-01-53,2011-03-06 10:30,1299375000,10,1,97,5,-46
fa10-01-53,2011-03-06 11:05,1299377100,11,1,34,-46,-163
fa10-01-53,2011-03-06 11:29,1299378540,11,1,97,5,-46
fa10-01-53,2011-03-06 13:48,1299386880,13,1,97,-5,-58
fa10-01-53,2011-03-06 14:22,1299388920,14,1,97,10,-37
fa10-01-53,2011-03-06 14:55,1299390900,14,1,97,5,-46
fa10-01-53,2011-03-06 15:28,1299392880,15,1,559,56,16
fa10-01-53,2011-03-06 17:43,1299400980,17,1,110,17,-31
fa10-01-53,2011-03-06 17:54,1299401640,17,1,97,-5,-58
fa10-01-53,2011-03-06 21:10,1299413400,21,1,97,-5,-58
fa10-01-53,2011-03-06 21:43,1299415380,21,1,97,-5,-58
fa10-01-53,2011-03-06 22:12,1299417120,22,1,34,-19,-96
fa10-01-53,2011-03-06 22:35,1299418500,22,1,40,-137,-234
fa10-01-53,2011-03-06 23:01,1299420060,23,1,51,-10,-91
fa10-01-53,2011-03-06 23:28,1299421680,23,1,80,-29,-141
fa10-01-53,2011-03-06 23:54,1299423240,23,1,97,5,-46
fa10-01-53,2011-03-07 0:27,1299425220,0,2,20,-83,-181
fa10-01-53,2011-03-07 0:54,1299426840,0,2,51,-82,-197
fa10-01-53,2011-03-07 1:20,1299428400,1,2,54,-131,-223
fa10-01-53,2011-03-07 1:46,1299429960,1,2,97,5,-46
fa10-01-53,2011-03-07 2:24,1299432240,2,2,40,-48,-166
fa10-01-53,2011-03-07 2:50,1299433800,2,2,20,-45,-136
fa10-01-53,2011-03-07 3:15,1299435300,3,2,40,-48,-139
fa10-01-53,2011-03-07 3:42,1299436920,3,2,58,-4,-120
fa10-01-53,2011-03-07 4:07,1299438420,4,2,54,-36,-129
fa10-01-53,2011-03-07 4:33,1299439980,4,2,58,-69,-160
fa10-01-53,2011-03-07 4:59,1299441540,4,2,65,-83,-164
fa10-01-53,2011-03-07 5:25,1299443100,5,2,40,-41,-99
fa10-01-53,2011-03-07 5:51,1299444660,5,2,72,12,-83
fa10-01-53,2011-03-07 6:17,1299446220,6,2,36,2,-126
fa10-01-53,2011-03-07 6:43,1299447780,6,2,97,-5,-58
fa10-01-53,2011-03-07 7:16,1299449760,7,2,40,-16,-76
fa10-01-53,2011-03-07 7:42,1299451320,7,2,18,19,-29
fa10-01-53,2011-03-07 8:08,1299452880,8,2,10,-37,-151
fa10-01-53,2011-03-07 8:33,1299454380,8,2,25,-39,-122
fa10-01-53,2011-03-07 8:59,1299455940,8,2,97,12,-36
fa10-01-53,2011-03-07 15:07,1299478020,15,2,75,4795,5258
fa10-01-53,2011-03-07 15:28,1299479280,15,2,72,4857,5253
fa10-01-53,2011-03-07 15:56,1299480960,15,2,73,4780,5248
fa10-01-53,2011-03-07 16:31,1299483060,16,2,74,4715,5149
fa10-01-53,2011-03-07 17:04,1299485040,17,2,81,4737,5162
fa10-01-53,2011-03-07 17:39,1299487140,17,2,7,1486,570
fa10-01-53,2011-03-07 19:38,1299494280,19,2,54,-11,-52
fa10-01-53,2011-03-07 20:25,1299497100,20,2,20,-6,-62
fa10-01-53,2011-03-07 20:47,1299498420,20,2,54,-22,-85
fa10-01-53,2011-03-07 21:10,1299499800,21,2,29,-8,-123
fa10-01-53,2011-03-07 21:33,1299501180,21,2,36,-59,-148
fa10-01-53,2011-03-07 21:56,1299502560,21,2,13,-74,-188
fa10-01-53,2011-03-07 22:20,1299504000,22,2,10,-32,-113
fa10-01-53,2011-03-07 22:43,1299505380,22,2,18,-49,-176
fa10-01-53,2011-03-07 23:05,1299506700,23,2,27,-88,-170
fa10-01-53,2011-03-07 23:29,1299508140,23,2,13,-63,-159
fa10-01-53,2011-03-07 23:51,1299509460,23,2,36,-80,-186
fa10-01-53,2011-03-08 0:15,1299510900,0,3,20,-203,-411
fa10-01-53,2011-03-08 0:37,1299512220,0,3,54,-60,-133
fa10-01-53,2011-03-08 1:00,1299513600,1,3,34,-37,-124
fa10-01-53,2011-03-08 1:23,1299514980,1,3,40,20,-66
fa10-01-53,2011-03-08 1:46,1299516360,1,3,29,-52,-150
fa10-01-53,2011-03-08 2:09,1299517740,2,3,36,-42,-120
fa10-01-53,2011-03-08 2:32,1299519120,2,3,40,-34,-141
fa10-01-53,2011-03-08 2:56,1299520560,2,3,14,-14,5
fa10-01-53,2011-03-08 3:18,1299521880,3,3,25,-21,-110
fa10-01-53,2011-03-08 3:41,1299523260,3,3,66,-39,-68
fa10-01-53,2011-03-08 4:04,1299524640,4,3,40,131,48
fa10-01-53,2011-03-08 4:28,1299526080,4,3,20,-53,-103
fa10-01-53,2011-03-08 4:50,1299527400,4,3,23,-45,-132
fa10-01-53,2011-03-08 5:14,1299528840,5,3,27,-493,-522
fa10-01-53,2011-03-08 5:36,1299530160,5,3,40,-22,-117
fa10-01-53,2011-03-08 5:59,1299531540,5,3,54,-30,-110
fa10-01-53,2011-03-08 6:22,1299532920,6,3,54,-16,-88
fa10-01-53,2011-03-08 6:45,1299534300,6,3,54,1,-86
fa10-01-53,2011-03-08 7:07,1299535620,7,3,97,-5,-58
fa10-01-53,2011-03-08 7:42,1299537720,7,3,80,-104,-226
fa10-01-53,2011-03-08 9:29,1299544140,9,3,69,4749,5196
fa10-01-53,2011-03-08 12:52,1299556320,12,3,70,4729,5170
fa10-01-53,2011-03-08 14:33,1299562380,14,3,23,3115,3173
fa10-01-53,2011-03-08 16:17,1299568620,16,3,59,4353,4654
fa10-01-53,2011-03-08 17:12,1299571920,17,3,67,4770,5196
fa10-01-53,2011-03-08 17:44,1299573840,17,3,79,4748,5187
fa10-01-53,2011-03-08 18:14,1299575640,18,3,80,4761,5135
fa10-01-53,2011-03-08 18:37,1299577020,18,3,68,4952,5628
fa10-01-53,2011-03-08 18:59,1299578340,18,3,75,4771,5217
fa10-01-53,2011-03-08 19:32,1299580320,19,3,97,5,-45
fa10-01-53,2011-03-08 20:04,1299582240,20,3,97,5,-45
fa10-01-53,2011-03-08 20:37,1299584220,20,3,97,-5,-58
fa10-01-53,2011-03-08 21:43,1299588180,21,3,97,5,-45
fa10-01-53,2011-03-09 3:32,1299609120,3,4,97,-5,-58
fa10-01-53,2011-03-09 4:05,1299611100,4,4,97,-5,-58
fa10-01-53,2011-03-09 4:38,1299613080,4,4,97,-5,-58
fa10-01-53,2011-03-09 5:11,1299615060,5,4,97,-5,-58
fa10-01-53,2011-03-09 5:44,1299617040,5,4,97,-5,-58
fa10-01-53,2011-03-09 6:17,1299619020,6,4,97,-5,-58
fa10-01-53,2011-03-09 6:50,1299621000,6,4,97,-5,-58
fa10-01-53,2011-03-09 7:57,1299625020,7,4,9,-42,-124
fa10-01-53,2011-03-09 8:21,1299626460,8,4,27,-80,-234
fa10-01-53,2011-03-09 8:43,1299627780,8,4,101,-68,-105
fa10-01-53,2011-03-09 9:07,1299629220,9,4,97,-5,-58
fa10-01-53,2011-03-09 11:18,1299637080,11,4,60,4766,5247
fa10-01-53,2011-03-09 15:01,1299650460,15,4,65,4871,5339
fa10-01-53,2011-03-09 15:30,1299652200,15,4,69,4782,5222
fa10-01-53,2011-03-09 16:04,1299654240,16,4,61,4736,5173
fa10-01-53,2011-03-09 16:37,1299656220,16,4,68,4736,5158
fa10-01-53,2011-03-09 17:37,1299659820,17,4,61,4776,5229
fa10-01-53,2011-03-09 18:12,1299661920,18,4,70,4860,5358
fa10-01-53,2011-03-09 18:37,1299663420,18,4,9,810,184
fa10-01-53,2011-03-09 19:08,1299665280,19,4,60,717,82
fa10-01-53,2011-03-09 19:29,1299666540,19,4,13,4292,4259
fa10-01-53,2011-03-09 19:52,1299667920,19,4,696,1478,454
fa10-01-53,2011-03-09 20:25,1299669900,20,4,696,1478,454
fa10-01-53,2011-03-09 20:58,1299671880,20,4,696,1478,454
fa10-01-53,2011-03-10 0:23,1299684180,0,5,34,-25,-100
fa10-01-53,2011-03-10 0:48,1299685680,0,5,54,-72,-127
fa10-01-53,2011-03-10 1:09,1299686940,1,5,54,-141,-243
fa10-01-53,2011-03-10 1:33,1299688380,1,5,17,-40,-94
fa10-01-53,2011-03-10 1:56,1299689760,1,5,20,-61,-175
fa10-01-53,2011-03-10 2:19,1299691140,2,5,27,-42,-116
fa10-01-53,2011-03-10 2:42,1299692520,2,5,20,-23,-93
fa10-01-53,2011-03-10 3:04,1299693840,3,5,34,-22,-101
fa10-01-53,2011-03-10 3:27,1299695220,3,5,34,-133,-210
fa10-01-53,2011-03-10 3:52,1299696720,3,5,13,0,-19
fa10-01-53,2011-03-10 4:15,1299698100,4,5,17,-72,-160
fa10-01-53,2011-03-10 4:37,1299699420,4,5,29,-63,-114
fa10-01-53,2011-03-10 4:59,1299700740,4,5,110,-5,-57
fa10-01-53,2011-03-10 5:33,1299702780,5,5,29,-63,-95
fa10-01-53,2011-03-10 5:57,1299704220,5,5,10,-76,-122
fa10-01-53,2011-03-10 6:18,1299705480,6,5,110,-5,-57
fa10-01-53,2011-03-10 6:56,1299707760,6,5,17,-102,-194
fa10-01-53,2011-03-10 7:25,1299709500,7,5,13,-42,-118
fa10-01-53,2011-03-10 7:48,1299710880,7,5,27,-60,-122
fa10-01-53,2011-03-10 8:12,1299712320,8,5,36,-21,-71
fa10-01-53,2011-03-10 8:38,1299713880,8,5,110,-5,-57
fa10-01-53,2011-03-10 9:11,1299715860,9,5,110,-5,-57
fa10-01-53,2011-03-10 9:44,1299717840,9,5,110,-5,-57
fa10-01-53,2011-03-10 10:17,1299719820,10,5,110,-5,-57
fa10-01-53,2011-03-10 10:50,1299721800,10,5,110,-5,-57
fa10-01-53,2011-03-10 11:23,1299723780,11,5,110,-5,-57
fa10-01-53,2011-03-10 12:02,1299726120,12,5,110,-5,-57
fa10-01-53,2011-03-10 12:33,1299727980,12,5,110,-5,-57
fa10-01-53,2011-03-10 13:06,1299729960,13,5,102,-5,-58
fa10-01-53,2011-03-10 13:35,1299731700,13,5,102,-5,-58
fa10-01-53,2011-03-10 14:08,1299733680,14,5,102,-5,-58
fa10-01-53,2011-03-10 14:41,1299735660,14,5,60,3050,3030
fa10-01-53,2011-03-10 18:04,1299747840,18,5,67,4783,5242
fa10-01-53,2011-03-10 18:33,1299749580,18,5,53,4530,5007
fa10-01-53,2011-03-10 19:06,1299751560,19,5,102,-5,-58
fa10-01-53,2011-03-10 19:39,1299753540,19,5,102,-3,-53
fa10-01-53,2011-03-10 20:12,1299755520,20,5,102,-5,-58
fa10-01-53,2011-03-10 20:48,1299757680,20,5,102,-5,-58
fa10-01-53,2011-03-10 21:24,1299759840,21,5,102,-5,-58
fa10-01-53,2011-03-10 22:25,1299763500,22,5,102,-5,-58
fa10-01-53,2011-03-10 22:58,1299765480,22,5,102,-5,-58
fa10-01-53,2011-03-10 23:31,1299767460,23,5,102,-5,-58
fa10-01-53,2011-03-11 0:05,1299769500,0,6,831,466,344
fa10-01-53,2011-03-11 1:43,1299775380,1,6,831,401,101
fa10-01-53,2011-03-11 2:50,1299779400,2,6,102,-5,-58
fa10-01-53,2011-03-11 3:55,1299783300,3,6,831,401,101
fa10-01-53,2011-03-11 6:07,1299791220,6,6,102,-5,-58
fa10-01-53,2011-03-11 6:41,1299793260,6,6,102,-5,-58
fa10-01-53,2011-03-11 7:16,1299795360,7,6,102,-5,-58
fa10-01-53,2011-03-11 7:51,1299797460,7,6,13,-203,-308
fa10-01-53,2011-03-11 8:16,1299798960,8,6,102,-5,-58
fa10-01-53,2011-03-11 8:50,1299801000,8,6,102,-5,-58
fa10-01-53,2011-03-11 9:22,1299802920,9,6,102,-5,-58
fa10-01-53,2011-03-11 10:36,1299807360,10,6,102,-5,-58
fa10-01-53,2011-03-11 11:25,1299810300,11,6,70,4869,5379
fa10-01-53,2011-03-11 12:33,1299814380,12,6,70,4855,5383
fa10-01-53,2011-03-11 17:11,1299831060,17,6,72,4776,5213
fa10-01-53,2011-03-11 17:50,1299833400,17,6,61,4836,5289
fa10-01-53,2011-03-11 18:28,1299835680,18,6,60,4694,5061
fa10-01-53,2011-03-12 0:05,1299855900,0,7,102,11,-40
fa10-01-53,2011-03-12 0:39,1299857940,0,7,102,-5,-58
fa10-01-53,2011-03-12 1:12,1299859920,1,7,10,-58,-147
fa10-01-53,2011-03-12 1:34,1299861240,1,7,17,-50,-153
fa10-01-53,2011-03-12 1:57,1299862620,1,7,54,-20,-118
fa10-01-53,2011-03-12 2:21,1299864060,2,7,54,-58,-142
fa10-01-53,2011-03-12 2:43,1299865380,2,7,20,-33,-141
fa10-01-53,2011-03-12 3:06,1299866760,3,7,34,-1,-86
fa10-01-53,2011-03-12 3:31,1299868260,3,7,10,-37,-118
fa10-01-53,2011-03-12 3:54,1299869640,3,7,29,-94,-216
fa10-01-53,2011-03-12 4:16,1299870960,4,7,40,-34,-117
fa10-01-53,2011-03-12 4:38,1299872280,4,7,51,-33,-74
fa10-01-53,2011-03-12 5:01,1299873660,5,7,18,-44,-156
fa10-01-53,2011-03-12 5:24,1299875040,5,7,29,-48,-142
fa10-01-53,2011-03-12 5:47,1299876420,5,7,54,-76,-176
fa10-01-53,2011-03-12 6:12,1299877920,6,7,58,-220,-355
fa10-01-53,2011-03-12 6:33,1299879180,6,7,54,-8,-101
fa10-01-53,2011-03-12 6:56,1299880560,6,7,18,-67,-163
fa10-01-53,2011-03-12 7:19,1299881940,7,7,20,-65,-153
fa10-01-53,2011-03-12 7:42,1299883320,7,7,27,-36,-120
fa10-01-53,2011-03-12 8:05,1299884700,8,7,36,-49,-124
fa10-01-53,2011-03-12 8:29,1299886140,8,7,17,-24,-112
fa10-01-53,2011-03-12 8:51,1299887460,8,7,33,-54,-144
fa10-01-53,2011-03-12 9:15,1299888900,9,7,51,-90,-176
fa10-01-53,2011-03-12 9:38,1299890280,9,7,18,-66,-148
fa10-01-53,2011-03-12 10:02,1299891720,10,7,20,8,-93
fa10-01-53,2011-03-12 11:10,1299895800,11,7,13,-46,-84
fa10-01-53,2011-03-12 11:33,1299897180,11,7,7,-27,-49
fa10-01-53,2011-03-12 11:56,1299898560,11,7,7,-28,-73
fa10-01-53,2011-03-12 12:18,1299899880,12,7,102,-4,-56
fa10-01-53,2011-03-14 11:26,1300069560,11,2,54,4775,5248
fa10-01-53,2011-03-14 12:00,1300071600,12,2,68,4767,5216
fa10-01-53,2011-03-14 12:33,1300073580,12,2,69,4786,5224
fa10-01-53,2011-03-14 13:06,1300075560,13,2,71,4766,5192
fa10-01-53,2011-03-14 13:38,1300077480,13,2,62,4796,5217
fa10-01-53,2011-03-14 13:54,1300078440,13,2,53,4793,5224
fa10-01-53,2011-03-14 14:28,1300080480,14,2,68,4846,5299
fa10-01-53,2011-03-14 15:00,1300082400,15,2,968,6829,9263
fa10-01-53,2011-03-14 15:36,1300084560,15,2,58,4813,5260
fa10-01-53,2011-03-14 16:11,1300086660,16,2,55,4776,5201
fa10-01-53,2011-03-14 16:44,1300088640,16,2,53,4860,5324
fa10-01-53,2011-03-14 17:19,1300090740,17,2,63,4797,5236
fa10-01-53,2011-03-14 17:52,1300092720,17,2,60,4794,5225
fa10-01-53,2011-03-14 18:24,1300094640,18,2,64,4798,5234
fa10-01-53,2011-03-14 18:59,1300096740,18,2,56,4711,5130
fa10-01-53,2011-03-14 19:35,1300098900,19,2,831,401,101
fa10-01-53,2011-03-14 19:55,1300100100,19,2,102,-5,-58
fa10-01-53,2011-03-14 20:28,1300102080,20,2,102,-5,-58
fa10-01-53,2011-03-14 21:01,1300104060,21,2,102,-5,-58
fa10-01-53,2011-03-14 21:34,1300106040,21,2,102,-5,-58
fa10-01-53,2011-03-14 22:09,1300108140,22,2,13,-32,-125
fa10-01-53,2011-03-14 22:31,1300109460,22,2,34,-48,-132
fa10-01-53,2011-03-14 22:54,1300110840,22,2,54,-44,-96
fa10-01-53,2011-03-14 23:17,1300112220,23,2,49,-58,-154
fa10-01-53,2011-03-14 23:40,1300113600,23,2,54,-34,-85
fa10-01-53,2011-03-15 0:03,1300114980,0,3,36,-32,-112
fa10-01-53,2011-03-15 0:26,1300116360,0,3,17,-49,-158
fa10-01-53,2011-03-15 0:49,1300117740,0,3,54,-43,-166
fa10-01-53,2011-03-15 1:11,1300119060,1,3,102,-5,-58
fa10-01-53,2011-03-15 1:46,1300121160,1,3,8,-42,-117
fa10-01-53,2011-03-15 2:09,1300122540,2,3,14,-57,-115
fa10-01-53,2011-03-15 2:32,1300123920,2,3,27,-26,-119
fa10-01-53,2011-03-15 2:54,1300125240,2,3,54,-13,-149
fa10-01-53,2011-03-15 3:17,1300126620,3,3,29,-38,-122
fa10-01-53,2011-03-15 3:40,1300128000,3,3,51,-49,-165
fa10-01-53,2011-03-15 4:03,1300129380,4,3,20,-33,-101
fa10-01-53,2011-03-15 4:26,1300130760,4,3,54,-5,-87
fa10-01-53,2011-03-15 4:50,1300132200,4,3,14,14,-45
fa10-01-53,2011-03-15 5:12,1300133520,5,3,58,-51,-156
fa10-01-53,2011-03-15 5:35,1300134900,5,3,40,-25,-121
fa10-01-53,2011-03-15 5:58,1300136280,5,3,40,-31,-126
fa10-01-53,2011-03-15 6:21,1300137660,6,3,54,-47,-154
fa10-01-53,2011-03-15 6:45,1300139100,6,3,68,15,-71
fa10-01-53,2011-03-15 7:07,1300140420,7,3,54,6,-103
fa10-01-53,2011-03-15 7:30,1300141800,7,3,20,-52,-125
fa10-01-53,2011-03-15 11:35,1300156500,11,3,102,-5,-58
fa10-01-53,2011-03-15 12:08,1300158480,12,3,102,-5,-58
fa10-01-53,2011-03-15 12:41,1300160460,12,3,102,-5,-58
fa10-01-53,2011-03-15 13:14,1300162440,13,3,102,-5,-58
fa10-01-53,2011-03-15 13:47,1300164420,13,3,102,-5,-58
fa10-01-53,2011-03-15 14:21,1300166460,14,3,102,-5,-58
fa10-01-53,2011-03-15 17:17,1300177020,17,3,60,4732,5112
fa10-01-53,2011-03-15 17:48,1300178880,17,3,56,4777,5204
fa10-01-53,2011-03-15 18:23,1300180980,18,3,72,4694,4861
fa10-01-53,2011-03-16 3:06,1300212360,3,4,102,-5,-58
fa10-01-53,2011-03-16 3:39,1300214340,3,4,102,-5,-58
fa10-01-53,2011-03-16 4:12,1300216320,4,4,102,-5,-58
fa10-01-53,2011-03-16 4:45,1300218300,4,4,102,-5,-58
fa10-01-53,2011-03-16 5:19,1300220340,5,4,49,-28,-145
fa10-01-53,2011-03-16 5:46,1300221960,5,4,40,-36,-156
fa10-01-53,2011-03-16 6:12,1300223520,6,4,27,-77,-202
fa10-01-53,2011-03-16 6:38,1300225080,6,4,58,-67,-183
fa10-01-53,2011-03-16 7:01,1300226460,7,4,29,-34,-118
fa10-01-53,2011-03-16 7:26,1300227960,7,4,25,-68,-117
fa10-01-53,2011-03-16 7:53,1300229580,7,4,20,-55,-159
fa10-01-53,2011-03-16 8:18,1300231080,8,4,27,-73,-168
fa10-01-53,2011-03-16 8:41,1300232460,8,4,40,-84,-163
fa10-01-53,2011-03-16 9:09,1300234140,9,4,20,-47,-104
fa10-01-53,2011-03-16 12:27,1300246020,12,4,68,4828,5295
fa10-01-53,2011-03-16 13:02,1300248120,13,4,58,4814,5268
fa10-01-53,2011-03-16 13:34,1300250040,13,4,68,4827,5270
fa10-01-53,2011-03-16 13:46,1300250760,13,4,57,4853,5316
fa10-01-53,2011-03-16 14:52,1300254720,14,4,66,4824,5296
fa10-01-53,2011-03-16 15:24,1300256640,15,4,69,4817,5291
fa10-01-53,2011-03-16 15:57,1300258620,15,4,69,4784,5245
fa10-01-53,2011-03-16 16:31,1300260660,16,4,61,4840,5326
fa10-01-53,2011-03-16 17:03,1300262580,17,4,67,4821,5294
fa10-01-53,2011-03-16 17:37,1300264620,17,4,69,4783,5244
fa10-01-53,2011-03-16 18:09,1300266540,18,4,63,4845,5319
fa10-01-53,2011-03-16 18:23,1300267380,18,4,54,4001,4365
fa10-01-53,2011-03-16 19:18,1300270680,19,4,49,-52,-139
fa10-01-53,2011-03-16 19:40,1300272000,19,4,102,-5,-58
fa10-01-53,2011-03-16 20:15,1300274100,20,4,27,-25,0
fa10-01-53,2011-03-16 20:38,1300275480,20,4,40,-40,-152
fa10-01-53,2011-03-16 21:05,1300277100,21,4,23,-229,-337
fa10-01-53,2011-03-16 21:31,1300278660,21,4,102,-5,-58
fa10-01-53,2011-03-16 22:03,1300280580,22,4,102,-5,-58
fa10-01-53,2011-03-16 22:36,1300282560,22,4,102,-5,-58
fa10-01-53,2011-03-16 23:12,1300284720,23,4,102,-5,-58
fa10-01-53,2011-03-16 23:47,1300286820,23,4,27,-148,-296
fa10-01-53,2011-03-17 0:11,1300288260,0,5,64,-45,-136
fa10-01-53,2011-03-17 0:34,1300289640,0,5,27,-31,-126
fa10-01-53,2011-03-17 1:01,1300291260,1,5,29,-85,-151
fa10-01-53,2011-03-17 1:24,1300292640,1,5,25,-82,-190
fa10-01-53,2011-03-17 1:50,1300294200,1,5,10,-56,-151
fa10-01-53,2011-03-17 2:13,1300295580,2,5,18,-3,-95
fa10-01-53,2011-03-17 2:38,1300297080,2,5,49,-41,-129
fa10-01-53,2011-03-17 3:05,1300298700,3,5,34,-25,-201
fa10-01-53,2011-03-17 3:32,1300300320,3,5,17,-51,-155
fa10-01-53,2011-03-17 3:55,1300301700,3,5,34,-56,-150
fa10-01-53,2011-03-17 4:23,1300303380,4,5,49,-65,-122
fa10-01-53,2011-03-17 4:49,1300304940,4,5,29,-54,-142
fa10-01-53,2011-03-17 5:15,1300306500,5,5,18,-10,-111
fa10-01-53,2011-03-17 5:41,1300308060,5,5,20,-26,-106
fa10-01-53,2011-03-17 6:08,1300309680,6,5,13,-28,-102
fa10-01-53,2011-03-17 6:33,1300311180,6,5,54,-38,-140
fa10-01-53,2011-03-17 6:59,1300312740,6,5,102,-5,-58
fa10-01-53,2011-03-17 8:06,1300316760,8,5,102,-5,-58
fa10-01-53,2011-03-17 8:39,1300318740,8,5,102,-5,-58
fa10-01-53,2011-03-17 9:13,1300320780,9,5,4,-127,-219
fa10-01-53,2011-03-17 9:36,1300322160,9,5,54,4442,4875
fa10-01-53,2011-03-17 10:39,1300325940,10,5,18,4384,4771
fa10-01-53,2011-03-17 11:05,1300327500,11,5,160,4446,4810
fa10-01-53,2011-03-17 18:37,1300354620,18,5,102,-5,-58
fa10-01-53,2011-03-17 19:10,1300356600,19,5,102,-5,-58
fa10-01-53,2011-03-17 19:44,1300358640,19,5,102,-5,-58
fa10-01-53,2011-03-17 21:46,1300365960,21,5,102,-5,-58
fa10-01-53,2011-03-17 22:18,1300367880,22,5,102,-5,-58
fa10-01-53,2011-03-17 22:51,1300369860,22,5,102,-5,-58
fa10-01-53,2011-03-17 23:24,1300371840,23,5,102,-5,-58
fa10-01-53,2011-03-17 23:57,1300373820,23,5,102,-5,-58
fa10-01-53,2011-03-18 0:30,1300375800,0,6,102,-5,-58
fa10-01-53,2011-03-18 1:03,1300377780,1,6,102,-5,-58
fa10-01-53,2011-03-18 1:36,1300379760,1,6,102,-5,-58
fa10-01-53,2011-03-18 2:09,1300381740,2,6,102,-5,-58
fa10-01-53,2011-03-18 2:42,1300383720,2,6,102,-5,-58
fa10-01-53,2011-03-18 3:15,1300385700,3,6,102,-5,-58
fa10-01-53,2011-03-18 3:48,1300387680,3,6,102,-5,-58
fa10-01-53,2011-03-18 4:21,1300389660,4,6,102,-5,-58
fa10-01-53,2011-03-18 4:54,1300391640,4,6,102,-5,-58
fa10-01-53,2011-03-18 5:27,1300393620,5,6,102,-5,-58
fa10-01-53,2011-03-18 6:00,1300395600,6,6,102,-5,-58
fa10-01-53,2011-03-18 6:33,1300397580,6,6,102,-5,-58
fa10-01-53,2011-03-18 7:06,1300399560,7,6,102,-5,-58
fa10-01-53,2011-03-18 7:39,1300401540,7,6,102,-5,-58
fa10-01-53,2011-03-18 8:12,1300403520,8,6,102,-5,-58
fa10-01-53,2011-03-18 8:45,1300405500,8,6,102,-5,-58
fa10-01-53,2011-03-18 9:18,1300407480,9,6,102,-5,-58
fa10-01-53,2011-03-18 9:53,1300409580,9,6,36,-47,-119
fa10-01-53,2011-03-18 10:15,1300410900,10,6,207,4819,5088
fa10-01-53,2011-03-18 10:48,1300412880,10,6,82,4765,5200
fa10-01-53,2011-03-18 11:24,1300415040,11,6,63,4906,5288
fa10-01-53,2011-03-18 12:36,1300419360,12,6,60,4321,4615
fa10-01-53,2011-03-18 13:11,1300421460,13,6,671,4955,5299
fa10-01-53,2011-03-18 14:19,1300425540,14,6,60,4703,5072
fa10-01-53,2011-03-18 14:55,1300427700,14,6,60,4709,5076
fa10-01-53,2011-03-18 15:53,1300431180,15,6,60,4326,4625
fa10-01-53,2011-03-18 16:26,1300433160,16,6,60,3424,3841
fa10-01-53,2011-03-18 17:02,1300435320,17,6,60,3424,3841
fa10-01-53,2011-03-18 17:39,1300437540,17,6,60,3424,3841
fa10-01-53,2011-03-18 18:47,1300441620,18,6,102,-5,-58
fa10-01-53,2011-03-18 19:20,1300443600,19,6,831,401,101
fa10-01-53,2011-03-18 19:53,1300445580,19,6,831,401,101
fa10-01-53,2011-03-18 20:26,1300447560,20,6,102,-5,-58
fa10-01-53,2011-03-18 20:59,1300449540,20,6,83,-27,-74
fa10-01-53,2011-03-18 21:32,1300451520,21,6,83,-27,-74
fa10-01-53,2011-03-18 22:27,1300454820,22,6,83,-12,-65
fa10-01-53,2011-03-18 22:59,1300456740,22,6,102,-5,-58
fa10-01-53,2011-03-18 23:32,1300458720,23,6,102,-5,-58
fa10-01-53,2011-03-19 3:57,1300474620,3,7,102,-5,-58
fa10-01-53,2011-03-19 4:29,1300476540,4,7,102,-12,-65
fa10-01-53,2011-03-19 5:02,1300478520,5,7,102,-5,-58
fa10-01-53,2011-03-19 5:35,1300480500,5,7,102,-11,-63
fa10-01-53,2011-03-19 6:08,1300482480,6,7,102,-5,-58
fa10-01-53,2011-03-19 6:41,1300484460,6,7,102,-5,-58
fa10-01-53,2011-03-19 7:14,1300486440,7,7,102,-5,-58
fa10-01-53,2011-03-19 7:47,1300488420,7,7,102,-5,-58
fa10-01-53,2011-03-19 8:53,1300492380,8,7,831,401,101
fa10-01-53,2011-03-19 11:04,1300500240,11,7,844,595,830
fa10-01-53,2011-03-19 12:44,1300506240,12,7,34,-32,-104
fa10-01-53,2011-03-19 13:08,1300507680,13,7,13,35,-52
fa10-01-53,2011-03-19 13:15,1300508100,13,7,20,-10,-79
fa10-01-53,2011-03-19 13:40,1300509600,13,7,7,-1,-9
fa10-01-53,2011-03-19 14:03,1300510980,14,7,54,-15,-57
fa10-01-53,2011-03-19 18:32,1300527120,18,7,102,-5,-58
fa10-01-53,2011-03-19 19:03,1300528980,19,7,102,-5,-58
fa10-01-53,2011-03-19 19:37,1300531020,19,7,102,23,-26
fa10-01-53,2011-03-20 14:41,1300599660,14,1,8,2431,2778
fa10-01-53,2011-03-20 15:04,1300601040,15,1,10,-6,-16
fa10-01-53,2011-03-20 15:28,1300602480,15,1,27,-125,-115
fa10-01-53,2011-03-20 15:51,1300603860,15,1,102,-5,-58
fa10-01-53,2011-03-20 16:24,1300605840,16,1,102,23,-26
fa10-01-53,2011-03-20 16:57,1300607820,16,1,102,-5,-58
fa10-01-53,2011-03-20 17:31,1300609860,17,1,102,-5,-58
fa10-01-53,2011-03-20 17:56,1300611360,17,1,14,-21,30
fa10-01-53,2011-03-20 18:18,1300612680,18,1,58,-37,-93
fa10-01-53,2011-03-20 18:41,1300614060,18,1,51,0,-105
fa10-01-53,2011-03-20 19:10,1300615800,19,1,34,-58,-146
fa10-01-53,2011-03-20 19:39,1300617540,19,1,66,-67,-175
fa10-01-53,2011-03-20 20:01,1300618860,20,1,102,11,-39
fa10-01-53,2011-03-21 4:33,1300649580,4,2,102,-5,-58
fa10-01-53,2011-03-21 5:05,1300651500,5,2,102,11,-39
fa10-01-53,2011-03-21 5:38,1300653480,5,2,102,11,-39
fa10-01-53,2011-03-21 6:11,1300655460,6,2,102,11,-40
fa10-01-53,2011-03-21 6:44,1300657440,6,2,102,-5,-58
fa10-01-53,2011-03-21 7:17,1300659420,7,2,102,11,-40
fa10-01-53,2011-03-21 7:51,1300661460,7,2,102,11,-40
fa10-01-53,2011-03-21 8:23,1300663380,8,2,102,11,-40
fa10-01-53,2011-03-21 8:56,1300665360,8,2,102,-5,-58
fa10-01-53,2011-03-21 9:30,1300667400,9,2,34,-51,-160
fa10-01-53,2011-03-21 9:53,1300668780,9,2,58,-76,-172
fa10-01-53,2011-03-21 10:16,1300670160,10,2,40,-36,-137
fa10-01-53,2011-03-21 10:39,1300671540,10,2,54,-67,-184
fa10-01-53,2011-03-21 11:03,1300672980,11,2,13,-80,-135
fa10-01-53,2011-03-21 11:25,1300674300,11,2,27,-19,-95
fa10-01-53,2011-03-21 11:49,1300675740,11,2,27,74,42
fa10-01-53,2011-03-21 12:13,1300677180,12,2,17,2,-54
fa10-01-53,2011-03-21 12:36,1300678560,12,2,18,-15,-129
fa10-01-53,2011-03-21 12:57,1300679820,12,2,102,11,-40
fa10-01-53,2011-03-21 13:30,1300681800,13,2,110,2,-41
fa10-01-53,2011-03-21 14:04,1300683840,14,2,110,-3,-56
fa10-01-53,2011-03-21 14:36,1300685760,14,2,110,-3,-56
fa10-01-53,2011-03-21 15:09,1300687740,15,2,110,-3,-56
fa10-01-53,2011-03-21 15:43,1300689780,15,2,110,-3,-56
fa10-01-53,2011-03-21 16:16,1300691760,16,2,49,-104,-196
fa10-01-53,2011-03-21 16:39,1300693140,16,2,29,-48,-132
fa10-01-53,2011-03-21 17:02,1300694520,17,2,54,-60,-140
fa10-01-53,2011-03-21 17:25,1300695900,17,2,34,-43,-116
fa10-01-53,2011-03-21 17:48,1300697280,17,2,72,-97,-175
fa10-01-53,2011-03-21 18:11,1300698660,18,2,34,-37,-102
fa10-01-53,2011-03-21 18:34,1300700040,18,2,54,-112,-182
fa10-01-53,2011-03-21 18:57,1300701420,18,2,20,-40,-111
fa10-01-53,2011-03-21 19:28,1300703280,19,2,29,-42,-122
fa10-01-53,2011-03-21 19:52,1300704720,19,2,17,-32,-56
fa10-01-53,2011-03-21 20:15,1300706100,20,2,34,-33,-87
fa10-01-53,2011-03-21 20:38,1300707480,20,2,51,-57,-63
fa10-01-53,2011-03-21 21:01,1300708860,21,2,14,-35,-108
fa10-01-53,2011-03-21 21:27,1300710420,21,2,80,17,-61
fa10-01-53,2011-03-21 21:50,1300711800,21,2,34,-31,-140
fa10-01-53,2011-03-21 22:13,1300713180,22,2,29,-57,-145
fa10-01-53,2011-03-21 22:38,1300714680,22,2,80,-90,-160
fa10-01-53,2011-03-21 22:59,1300715940,22,2,68,10,-51
fa10-01-53,2011-03-21 23:22,1300717320,23,2,51,13,-46
fa10-01-53,2011-03-21 23:46,1300718760,23,2,107,32,-46
fa10-01-53,2011-03-22 0:08,1300720080,0,3,34,-55,-144
fa10-01-53,2011-03-22 0:32,1300721520,0,3,13,-122,-225
fa10-01-53,2011-03-22 0:54,1300722840,0,3,51,-55,-143
fa10-01-53,2011-03-22 1:18,1300724280,1,3,17,-48,-132
fa10-01-53,2011-03-22 1:40,1300725600,1,3,49,26,-50
fa10-01-53,2011-03-22 2:05,1300727100,2,3,49,-59,-140
fa10-01-53,2011-03-22 2:27,1300728420,2,3,132,-43,-137
fa10-01-53,2011-03-22 2:50,1300729800,2,3,49,10,-155
fa10-01-53,2011-03-22 3:12,1300731120,3,3,54,-19,-110
fa10-01-53,2011-03-22 3:35,1300732500,3,3,34,-23,-118
fa10-01-53,2011-03-22 3:58,1300733880,3,3,54,12,-58
fa10-01-53,2011-03-22 4:23,1300735380,4,3,58,-10,-97
fa10-01-53,2011-03-22 4:44,1300736640,4,3,49,-26,-103
fa10-01-53,2011-03-22 5:08,1300738080,5,3,68,-43,-161
fa10-01-53,2011-03-22 5:30,1300739400,5,3,34,1,-71
fa10-01-53,2011-03-22 7:33,1300746780,7,3,68,-37,-129
fa10-01-53,2011-03-22 10:20,1300756800,10,3,84,4782,5192
fa10-01-53,2011-03-22 10:52,1300758720,10,3,71,4814,5259
fa10-01-53,2011-03-22 11:25,1300760700,11,3,85,4720,5127
fa10-01-53,2011-03-22 16:45,1300779900,16,3,94,4734,5158
fa10-01-53,2011-03-22 17:19,1300781940,17,3,14,10884,15449
fa10-01-53,2011-03-22 17:42,1300783320,17,3,18,10069,14028
fa10-01-53,2011-03-22 18:04,1300784640,18,3,60,4409,4771
fa10-01-53,2011-03-22 18:37,1300786620,18,3,831,401,101
fa10-01-53,2011-03-22 19:10,1300788600,19,3,831,401,101
fa10-01-53,2011-03-22 19:43,1300790580,19,3,831,401,101
fa10-01-53,2011-03-22 20:17,1300792620,20,3,102,-5,-58
fa10-01-53,2011-03-22 20:32,1300793520,20,3,102,-5,-58
fa10-01-53,2011-03-22 22:42,1300801320,22,3,102,-5,-58
fa10-01-53,2011-03-22 23:14,1300803240,23,3,102,-5,-58
fa10-01-53,2011-03-22 23:47,1300805220,23,3,102,11,-40
fa10-01-53,2011-03-23 0:20,1300807200,0,4,102,11,-40
fa10-01-53,2011-03-23 0:53,1300809180,0,4,54,-24,-118
fa10-01-53,2011-03-23 1:16,1300810560,1,4,18,-48,-143
fa10-01-53,2011-03-23 1:40,1300812000,1,4,66,-53,-157
fa10-01-53,2011-03-23 2:07,1300813620,2,4,14,22,-25
fa10-01-53,2011-03-23 2:32,1300815120,2,4,72,-21,-97
fa10-01-53,2011-03-23 2:57,1300816620,2,4,72,-14,-98
fa10-01-53,2011-03-23 3:23,1300818180,3,4,36,-19,-142
fa10-01-53,2011-03-23 3:46,1300819560,3,4,68,12,-72
fa10-01-53,2011-03-23 4:11,1300821060,4,4,102,-5,-58
fa10-01-53,2011-03-23 4:49,1300823340,4,4,68,-12,-77
fa10-01-53,2011-03-23 5:15,1300824900,5,4,20,-22,-115
fa10-01-53,2011-03-23 5:41,1300826460,5,4,102,-5,-58
fa10-01-53,2011-03-23 6:15,1300828500,6,4,54,-40,-168
fa10-01-53,2011-03-23 6:40,1300830000,6,4,102,11,-40
fa10-01-53,2011-03-23 7:25,1300832700,7,4,58,-85,-193
fa10-01-53,2011-03-23 7:48,1300834080,7,4,54,-37,-119
fa10-01-53,2011-03-23 8:12,1300835520,8,4,54,-115,-291
fa10-01-53,2011-03-23 8:34,1300836840,8,4,54,-94,-222
fa10-01-53,2011-03-23 8:58,1300838280,8,4,13,-52,-193
fa10-01-53,2011-03-23 9:20,1300839600,9,4,54,-32,-153
fa10-01-53,2011-03-23 9:44,1300841040,9,4,66,26,-127
fa10-01-53,2011-03-23 10:06,1300842360,10,4,20,-21,-128
fa10-01-53,2011-03-23 10:29,1300843740,10,4,18,-29,-115
fa10-01-53,2011-03-23 10:52,1300845120,10,4,54,-72,-167
fa10-01-53,2011-03-23 11:15,1300846500,11,4,102,11,-40
fa10-01-53,2011-03-23 11:47,1300848420,11,4,102,11,-40
fa10-01-53,2011-03-23 12:21,1300850460,12,4,54,-72,-156
fa10-01-53,2011-03-23 12:45,1300851900,12,4,7,23,-216
fa10-01-53,2011-03-23 13:08,1300853280,13,4,58,837,-555
fa10-01-53,2011-03-23 14:40,1300858800,14,4,60,4844,5309
fa10-01-53,2011-03-23 15:13,1300860780,15,4,81,4713,5111
fa10-01-53,2011-03-23 15:49,1300862940,15,4,81,4702,5098
fa10-01-53,2011-03-23 16:22,1300864920,16,4,78,4772,5201
fa10-01-53,2011-03-23 16:56,1300866960,16,4,80,4709,5110
fa10-01-53,2011-03-23 17:31,1300869060,17,4,82,4711,5104
fa10-01-53,2011-03-23 18:08,1300871280,18,4,78,4738,5158
fa10-01-53,2011-03-23 18:29,1300872540,18,4,68,4757,5191
fa10-01-53,2011-03-23 19:08,1300874880,19,4,66,4745,5157
fa10-01-53,2011-03-23 19:41,1300876860,19,4,102,11,-40
fa10-01-53,2011-03-23 20:14,1300878840,20,4,102,11,-40
fa10-01-53,2011-03-23 20:51,1300881060,20,4,102,-5,-58
fa10-01-53,2011-03-23 21:26,1300883160,21,4,102,-5,-58
fa10-01-53,2011-03-23 22:00,1300885200,22,4,102,-5,-58
fa10-01-53,2011-03-23 23:05,1300889100,23,4,102,-5,-58
fa10-01-53,2011-03-23 23:38,1300891080,23,4,102,-5,-58
fa10-01-53,2011-03-24 0:11,1300893060,0,5,102,11,-40
fa10-01-53,2011-03-24 0:46,1300895160,0,5,20,-42,-137
fa10-01-53,2011-03-24 1:11,1300896660,1,5,49,-17,-146
fa10-01-53,2011-03-24 1:39,1300898340,1,5,215,-33,-144
fa10-01-53,2011-03-24 2:04,1300899840,2,5,102,11,-40
fa10-01-53,2011-03-24 2:36,1300901760,2,5,17,-26,-101
fa10-01-53,2011-03-24 3:03,1300903380,3,5,27,-2,-97
fa10-01-53,2011-03-24 3:29,1300904940,3,5,68,-27,-139
fa10-01-53,2011-03-24 3:56,1300906560,3,5,66,-46,-154
fa10-01-53,2011-03-24 4:21,1300908060,4,5,102,11,-40
fa10-01-53,2011-03-24 4:55,1300910100,4,5,51,-26,-79
fa10-01-53,2011-03-24 5:19,1300911540,5,5,102,11,-40
fa10-01-53,2011-03-24 5:54,1300913640,5,5,54,-41,-171
fa10-01-53,2011-03-24 6:21,1300915260,6,5,54,-21,-108
fa10-01-53,2011-03-24 6:47,1300916820,6,5,130,-82,-175
fa10-01-53,2011-03-24 7:14,1300918440,7,5,54,-83,-165
fa10-01-53,2011-03-24 7:35,1300919700,7,5,54,-64,-151
fa10-01-53,2011-03-24 7:58,1300921080,7,5,68,-26,-88
fa10-01-53,2011-03-24 8:21,1300922460,8,5,102,11,-40
fa10-01-53,2011-03-24 8:54,1300924440,8,5,36,-83,-174
fa10-01-53,2011-03-24 9:18,1300925880,9,5,130,-81,-172
fa10-01-53,2011-03-24 9:41,1300927260,9,5,102,-5,-58
fa10-01-53,2011-03-24 10:13,1300929180,10,5,17,2221,-593
fa10-01-53,2011-03-24 10:37,1300930620,10,5,27,2215,-624
fa10-01-53,2011-03-24 10:59,1300931940,10,5,13,2197,-642
fa10-01-53,2011-03-24 11:23,1300933380,11,5,5,1436,-2332
fa10-01-53,2011-03-24 13:24,1300940640,13,5,118,3802,3622
fa10-01-53,2011-03-24 13:56,1300942560,13,5,751,6408,8148
fa10-01-53,2011-03-25 6:27,1301002020,6,6,99,69,-19
fa10-01-53,2011-03-25 6:47,1301003220,6,6,58,-25,-107
fa10-01-53,2011-03-25 7:09,1301004540,7,6,100,-3,-57
fa10-01-53,2011-03-25 7:45,1301006700,7,6,100,-3,-57
fa10-01-53,2011-03-25 8:18,1301008680,8,6,100,-3,-57
fa10-01-53,2011-03-25 8:54,1301010840,8,6,68,-67,-167
fa10-01-53,2011-03-25 9:18,1301012280,9,6,100,-3,-57
fa10-01-53,2011-03-25 9:53,1301014380,9,6,146,-8,-65
fa10-01-53,2011-03-25 12:06,1301022360,12,6,65,4761,5186
fa10-01-53,2011-03-25 12:41,1301024460,12,6,9,-1975,-3112
fa10-01-53,2011-03-25 13:41,1301028060,13,6,100,-3,-57
fa10-01-53,2011-03-25 14:15,1301030100,14,6,17,-34,-173
fa10-01-53,2011-03-25 15:13,1301033580,15,6,21,163,180
fa10-01-53,2011-03-25 15:47,1301035620,15,6,21,163,180
fa10-01-53,2011-03-25 16:20,1301037600,16,6,25,161,179
fa10-01-53,2011-03-25 16:53,1301039580,16,6,100,-3,-57
fa10-01-53,2011-03-25 17:26,1301041560,17,6,100,-3,-57
fa10-01-53,2011-03-25 18:00,1301043600,18,6,844,595,830
fa10-01-53,2011-03-25 18:32,1301045520,18,6,100,-3,-57
fa10-01-53,2011-03-25 19:05,1301047500,19,6,100,-3,-54
fa10-01-53,2011-03-25 19:40,1301049600,19,6,100,-3,-57
fa10-01-53,2011-03-25 20:12,1301051520,20,6,100,-3,-57
fa10-01-53,2011-03-25 20:45,1301053500,20,6,100,-3,-57
fa10-01-53,2011-03-25 21:20,1301055600,21,6,100,-3,-57
fa10-01-53,2011-03-25 21:53,1301057580,21,6,100,-3,-57
fa10-01-53,2011-03-25 22:30,1301059800,22,6,100,-3,-57
fa10-01-53,2011-03-25 23:03,1301061780,23,6,100,-3,-57
fa10-01-53,2011-03-25 23:41,1301064060,23,6,100,-3,-57
fa10-01-53,2011-03-26 0:17,1301066220,0,7,100,-3,-57
fa10-01-53,2011-03-26 0:51,1301068260,0,7,13,-60,-128
fa10-01-53,2011-03-26 1:18,1301069880,1,7,10,-46,-143
fa10-01-53,2011-03-26 1:44,1301071440,1,7,49,-16,-111
fa10-01-53,2011-03-26 2:13,1301073180,2,7,36,197,-27
fa10-01-53,2011-03-26 3:44,1301078640,3,7,20,10,-165
fa10-01-53,2011-03-26 4:10,1301080200,4,7,14,-77,-161
fa10-01-53,2011-03-26 4:35,1301081700,4,7,14,-19,-118
fa10-01-53,2011-03-26 5:02,1301083320,5,7,20,-48,-120
fa10-01-53,2011-03-26 5:28,1301084880,5,7,27,-97,-218
fa10-01-53,2011-03-26 6:30,1301088600,6,7,54,-36,-130
fa10-01-53,2011-03-26 6:56,1301090160,6,7,36,-56,-189
fa10-01-53,2011-03-26 7:22,1301091720,7,7,18,-30,-86
fa10-01-53,2011-03-27 2:58,1301162280,2,1,100,-4,-57
fa10-01-53,2011-03-27 3:31,1301164260,3,1,100,-3,-57
fa10-01-53,2011-03-27 4:04,1301166240,4,1,100,-3,-57
fa10-01-53,2011-03-27 4:37,1301168220,4,1,100,-3,-57
fa10-01-53,2011-03-27 5:10,1301170200,5,1,100,-3,-57
fa10-01-53,2011-03-27 5:43,1301172180,5,1,100,-3,-57
fa10-01-53,2011-03-27 6:16,1301174160,6,1,100,-3,-57
fa10-01-53,2011-03-27 6:49,1301176140,6,1,100,-3,-57
fa10-01-53,2011-03-27 12:19,1301195940,12,1,25,-56,-141
fa10-01-53,2011-03-27 12:42,1301197320,12,1,40,-17,-106
fa10-01-53,2011-03-27 13:06,1301198760,13,1,13,23,-58
fa10-01-53,2011-03-27 13:28,1301200080,13,1,54,-54,-164
fa10-01-53,2011-03-27 13:51,1301201460,13,1,23,-31,-113
fa10-01-53,2011-03-27 14:14,1301202840,14,1,51,-58,-139
fa10-01-53,2011-03-27 14:38,1301204280,14,1,34,-24,-136
fa10-01-53,2011-03-27 15:41,1301208060,15,1,20,4724,5233
fa10-01-53,2011-03-27 16:05,1301209500,16,1,58,5123,5708
fa10-01-53,2011-03-27 16:29,1301210940,16,1,7,2731,3124
fa10-01-53,2011-03-27 16:51,1301212260,16,1,60,2121,2134
fa10-01-53,2011-03-27 17:25,1301214300,17,1,14,-6,-43
fa10-01-53,2011-03-27 23:37,1301236620,23,1,100,-3,-57
fa10-01-53,2011-03-28 0:11,1301238660,0,2,100,-3,-57
fa10-01-53,2011-03-28 0:48,1301240880,0,2,100,-3,-57
fa10-01-53,2011-03-28 1:22,1301242920,1,2,100,-3,-57
fa10-01-53,2011-03-28 1:54,1301244840,1,2,100,-3,-57
fa10-01-53,2011-03-28 2:27,1301246820,2,2,100,-3,-57
fa10-01-53,2011-03-28 3:00,1301248800,3,2,100,-3,-57
fa10-01-53,2011-03-28 3:33,1301250780,3,2,100,-3,-57
fa10-01-53,2011-03-28 4:07,1301252820,4,2,100,-3,-57
fa10-01-53,2011-03-28 4:39,1301254740,4,2,100,-3,-57
fa10-01-53,2011-03-28 5:12,1301256720,5,2,100,-3,-57
fa10-01-53,2011-03-28 5:46,1301258760,5,2,51,-75,-172
fa10-01-53,2011-03-28 6:13,1301260380,6,2,54,-33,-121
fa10-01-53,2011-03-28 6:38,1301261880,6,2,40,-53,-164
fa10-01-53,2011-03-28 7:03,1301263380,7,2,20,-39,-132
fa10-01-53,2011-03-28 7:28,1301264880,7,2,51,-67,-122
fa10-01-53,2011-03-28 7:54,1301266440,7,2,58,-48,-140
fa10-01-53,2011-03-28 8:19,1301267940,8,2,100,-3,-57
fa10-01-53,2011-03-28 8:52,1301269920,8,2,100,-3,-57
fa10-01-53,2011-03-28 9:25,1301271900,9,2,100,-3,-57
fa10-01-53,2011-03-28 13:26,1301286360,13,2,78,4750,5166
fa10-01-53,2011-03-28 14:00,1301288400,14,2,82,4732,5150
fa10-01-53,2011-03-28 14:38,1301290680,14,2,65,4751,5166
fa10-01-53,2011-03-28 15:10,1301292600,15,2,59,4760,5194
fa10-01-53,2011-03-28 15:43,1301294580,15,2,77,4758,5177
fa10-01-53,2011-03-28 16:16,1301296560,16,2,64,4802,5242
fa10-01-53,2011-03-28 16:49,1301298540,16,2,75,4728,5149
fa10-01-53,2011-03-28 17:27,1301300820,17,2,73,4695,5094
fa10-01-53,2011-03-28 18:01,1301302860,18,2,59,4792,5224
fa10-01-53,2011-03-28 18:36,1301304960,18,2,4,2493,2873
fa10-01-53,2011-03-28 18:58,1301306280,18,2,40,-24,-91
fa10-01-53,2011-03-28 19:25,1301307900,19,2,54,-120,-222
fa10-01-53,2011-03-28 19:47,1301309220,19,2,45,-103,-200
fa10-01-53,2011-03-28 20:13,1301310780,20,2,100,-3,-57
fa10-01-53,2011-03-28 20:49,1301312940,20,2,100,-3,-57
fa10-01-53,2011-03-28 21:30,1301315400,21,2,100,-3,-57
fa10-01-53,2011-03-28 22:04,1301317440,22,2,18,-9,-86
fa10-01-53,2011-03-28 22:30,1301319000,22,2,29,-32,-120
fa10-01-53,2011-03-28 22:46,1301319960,22,2,99,-35,-133
fa10-01-53,2011-03-28 23:09,1301321340,23,2,72,-34,-139
fa10-01-53,2011-03-28 23:32,1301322720,23,2,14,-48,-124
fa10-01-53,2011-03-28 23:55,1301324100,23,2,27,-104,-216
fa10-01-53,2011-03-29 0:18,1301325480,0,3,58,-56,-138
fa10-01-53,2011-03-29 0:41,1301326860,0,3,27,-74,-171
fa10-01-53,2011-03-29 1:03,1301328180,1,3,100,-2,-55
fa10-01-53,2011-03-29 1:37,1301330220,1,3,20,-39,-141
fa10-01-53,2011-03-29 2:00,1301331600,2,3,58,-20,-98
fa10-01-53,2011-03-29 2:23,1301332980,2,3,20,-51,-138
fa10-01-53,2011-03-29 2:46,1301334360,2,3,66,17,-52
fa10-01-53,2011-03-29 3:09,1301335740,3,3,68,-64,-160
fa10-01-53,2011-03-29 3:33,1301337180,3,3,49,-43,-134
fa10-01-53,2011-03-29 3:55,1301338500,3,3,51,-23,1
fa10-01-53,2011-03-29 4:18,1301339880,4,3,58,-71,-128
fa10-01-53,2011-03-29 4:42,1301341320,4,3,20,-124,-119
fa10-01-53,2011-03-29 5:04,1301342640,5,3,20,-189,-312
fa10-01-53,2011-03-29 5:27,1301344020,5,3,51,-2,-82
fa10-01-53,2011-03-29 5:50,1301345400,5,3,51,-83,-161
fa10-01-53,2011-03-29 6:13,1301346780,6,3,45,-37,-99
fa10-01-53,2011-03-29 6:36,1301348160,6,3,45,-99,-200
fa10-01-53,2011-03-29 6:59,1301349540,6,3,27,-39,-141
fa10-01-53,2011-03-29 7:23,1301350980,7,3,13,-64,-162
fa10-01-53,2011-03-29 7:44,1301352240,7,3,100,-3,-57
fa10-01-53,2011-03-29 8:19,1301354340,8,3,20,5,-16
fa10-01-53,2011-03-29 8:54,1301356440,8,3,33,121,7
fa10-01-53,2011-03-29 9:16,1301357760,9,3,54,-5,-62
fa10-01-53,2011-03-29 9:42,1301359320,9,3,54,89,10
fa10-01-53,2011-03-29 10:08,1301360880,10,3,51,-27,-120
fa10-01-53,2011-03-29 10:33,1301362380,10,3,100,-3,-57
fa10-01-53,2011-03-29 11:06,1301364360,11,3,100,-3,-57
fa10-01-53,2011-03-29 11:39,1301366340,11,3,100,-3,-57
fa10-01-53,2011-03-29 12:14,1301368440,12,3,13,-35,-137
fa10-01-53,2011-03-29 12:38,1301369880,12,3,68,-164,-267
fa10-01-53,2011-03-29 13:39,1301373540,13,3,61,4769,5205
fa10-01-53,2011-03-29 14:14,1301375640,14,3,67,4801,5237
fa10-01-53,2011-03-29 14:47,1301377620,14,3,60,3058,3036
fa10-01-53,2011-03-29 15:21,1301379660,15,3,60,3056,3037
fa10-01-53,2011-03-29 15:53,1301381580,15,3,60,3056,3037
fa10-01-53,2011-03-29 16:44,1301384640,16,3,66,4762,5203
fa10-01-53,2011-03-29 17:16,1301386560,17,3,70,4742,5181
fa10-01-53,2011-03-29 17:50,1301388600,17,3,65,4780,5208
fa10-01-53,2011-03-29 18:18,1301390280,18,3,74,4748,5162
fa10-01-53,2011-03-29 18:36,1301391360,18,3,71,4810,5242
fa10-01-53,2011-03-29 19:09,1301393340,19,3,70,4774,5220
fa10-01-53,2011-03-29 19:44,1301395440,19,3,7,2200,2042
fa10-01-53,2011-03-29 19:53,1301395980,19,3,425,2091,2098
fa10-01-53,2011-03-29 20:27,1301398020,20,3,11,-63,-156
fa10-01-53,2011-03-29 20:49,1301399340,20,3,72,-118,-218
fa10-01-53,2011-03-29 21:11,1301400660,21,3,100,-3,-57
fa10-01-53,2011-03-29 21:44,1301402640,21,3,100,-3,-57
fa10-01-53,2011-03-29 22:30,1301405400,22,3,20,266,229
fa10-01-53,2011-03-29 22:52,1301406720,22,3,29,183,142
fa10-01-53,2011-03-29 23:16,1301408160,23,3,68,-62,-82
fa10-01-53,2011-03-29 23:37,1301409420,23,3,100,-3,-57
fa10-01-53,2011-03-30 0:11,1301411460,0,4,100,-3,-57
fa10-01-53,2011-03-30 0:45,1301413500,0,4,36,-52,-165
fa10-01-53,2011-03-30 1:07,1301414820,1,4,29,-43,-128
fa10-01-53,2011-03-30 1:30,1301416200,1,4,54,-30,-80
fa10-01-53,2011-03-30 1:52,1301417520,1,4,100,-3,-57
fa10-01-53,2011-03-30 2:26,1301419560,2,4,100,-3,-57
fa10-01-53,2011-03-30 2:58,1301421480,2,4,100,-3,-57
fa10-01-53,2011-03-30 3:31,1301423460,3,4,100,-3,-57
fa10-01-53,2011-03-30 4:04,1301425440,4,4,100,-3,-57
fa10-01-53,2011-03-30 4:37,1301427420,4,4,100,-3,-57
fa10-01-53,2011-03-30 5:11,1301429460,5,4,29,-76,-144
fa10-01-53,2011-03-30 5:34,1301430840,5,4,40,-95,-171
fa10-01-53,2011-03-30 5:57,1301432220,5,4,54,-119,-198
fa10-01-53,2011-03-30 6:20,1301433600,6,4,34,-58,-135
fa10-01-53,2011-03-30 6:43,1301434980,6,4,51,-30,-90
fa10-01-53,2011-03-30 7:07,1301436420,7,4,58,-104,-214
fa10-01-53,2011-03-30 7:30,1301437800,7,4,25,-51,-128
fa10-01-53,2011-03-30 7:53,1301439180,7,4,5,-164,-288
fa10-01-53,2011-03-30 8:15,1301440500,8,4,13,-22,-76
fa10-01-53,2011-03-30 8:38,1301441880,8,4,29,4,-106
fa10-01-53,2011-03-30 9:01,1301443260,9,4,58,-26,-89
fa10-01-53,2011-03-30 9:25,1301444700,9,4,8,-378,-450
fa10-01-53,2011-03-30 10:53,1301449980,10,4,65,2884,2750
fa10-01-53,2011-03-30 11:25,1301451900,11,4,671,4955,5299
fa10-01-53,2011-03-30 12:00,1301454000,12,4,78,4766,5182
fa10-01-53,2011-03-30 12:32,1301455920,12,4,82,4745,5177
fa10-01-53,2011-03-30 13:04,1301457840,13,4,74,4737,5155
fa10-01-53,2011-03-30 13:37,1301459820,13,4,79,4715,5141
fa10-01-53,2011-03-30 14:10,1301461800,14,4,77,4695,5109
fa10-01-53,2011-03-30 14:43,1301463780,14,4,65,4647,5045
fa10-01-53,2011-03-30 15:17,1301465820,15,4,77,4695,5109
fa10-01-53,2011-03-30 15:50,1301467800,15,4,79,4693,5102
fa10-01-53,2011-03-30 16:23,1301469780,16,4,81,4711,5138
fa10-01-53,2011-03-30 16:55,1301471700,16,4,79,4677,5073
fa10-01-53,2011-03-30 17:28,1301473680,17,4,77,4689,5104
fa10-01-53,2011-03-30 18:01,1301475660,18,4,77,4695,5109
fa10-01-53,2011-03-30 18:36,1301477760,18,4,78,4646,5060
fa10-01-53,2011-03-30 19:08,1301479680,19,4,79,4715,5141
fa10-01-53,2011-03-30 19:41,1301481660,19,4,69,4632,5035
fa10-01-53,2011-03-30 20:13,1301483580,20,4,60,4393,4743
fa10-01-53,2011-03-30 23:32,1301495520,23,4,51,83,14
fa10-01-53,2011-03-30 23:55,1301496900,23,4,40,-89,-116
fa10-01-53,2011-03-31 0:18,1301498280,0,5,34,-37,-126
fa10-01-53,2011-03-31 0:41,1301499660,0,5,54,-40,-133
fa10-01-53,2011-03-31 1:05,1301501100,1,5,29,-179,-297
fa10-01-53,2011-03-31 1:27,1301502420,1,5,40,-125,-230
fa10-01-53,2011-03-31 1:50,1301503800,1,5,34,4,-78
fa10-01-53,2011-03-31 2:13,1301505180,2,5,29,-32,-116
fa10-01-53,2011-03-31 2:37,1301506620,2,5,14,35,50
fa10-01-53,2011-03-31 3:00,1301508000,3,5,18,-51,-139
fa10-01-53,2011-03-31 3:22,1301509320,3,5,34,-19,-77
fa10-01-53,2011-03-31 3:46,1301510760,3,5,80,-48,-137
fa10-01-53,2011-03-31 4:09,1301512140,4,5,13,-97,-194
fa10-01-53,2011-03-31 4:31,1301513460,4,5,29,-20,-78
fa10-01-53,2011-03-31 4:55,1301514900,4,5,14,-23,-83
fa10-01-53,2011-03-31 5:17,1301516220,5,5,36,-111,-196
fa10-01-53,2011-03-31 5:40,1301517600,5,5,65,-232,-218
fa10-01-53,2011-03-31 7:09,1301522940,7,5,66,-69,-196
fa10-01-53,2011-03-31 8:06,1301526360,8,5,58,51,149
fa10-01-53,2011-03-31 8:28,1301527680,8,5,58,34,17
fa10-01-53,2011-03-31 8:51,1301529060,8,5,40,4,-82
fa10-01-53,2011-03-31 9:15,1301530500,9,5,27,-1,-69
fa10-01-53,2011-03-31 10:10,1301533800,10,5,40,15,-42
fa10-01-53,2011-03-31 10:33,1301535180,10,5,58,-101,-178
fa10-01-53,2011-03-31 10:56,1301536560,10,5,29,-19,-104
fa10-01-53,2011-03-31 13:31,1301545860,13,5,80,4693,5119
fa10-01-53,2011-03-31 14:05,1301547900,14,5,55,4554,5026
fa10-01-53,2011-03-31 14:38,1301549880,14,5,60,3156,3031
fa10-01-53,2011-03-31 16:50,1301557800,16,5,71,4741,5206
fa10-01-53,2011-03-31 17:22,1301559720,17,5,64,4791,5259
fa10-01-53,2011-03-31 17:55,1301561700,17,5,84,4686,5118
fa10-01-53,2011-03-31 18:28,1301563680,18,5,83,4718,5157
fa10-01-53,2011-03-31 19:01,1301565660,19,5,78,4725,5175
fa10-01-53,2011-03-31 19:34,1301567640,19,5,82,4688,5106
fa10-01-53,2011-03-31 23:58,1301583480,23,5,831,401,101
fa10-01-53,2011-04-01 0:31,1301585460,0,6,831,401,101
fa10-01-53,2011-04-01 1:04,1301587440,1,6,831,401,101
fa10-01-53,2011-04-01 1:37,1301589420,1,6,831,401,101
fa10-01-53,2011-04-01 2:10,1301591400,2,6,831,401,101
fa10-01-53,2011-04-01 2:43,1301593380,2,6,831,401,101
fa10-01-53,2011-04-01 3:16,1301595360,3,6,831,401,101
fa10-01-53,2011-04-01 3:49,1301597340,3,6,831,401,101
fa10-01-53,2011-04-01 4:22,1301599320,4,6,831,401,101
fa10-01-53,2011-04-01 4:55,1301601300,4,6,831,401,101
fa10-01-53,2011-04-01 5:28,1301603280,5,6,831,401,101
fa10-01-53,2011-04-01 6:01,1301605260,6,6,831,401,101
fa10-01-53,2011-04-01 6:34,1301607240,6,6,831,401,101
fa10-01-53,2011-04-01 7:07,1301609220,7,6,126,-47,-96
fa10-01-53,2011-04-01 8:14,1301613240,8,6,99,-4,-58
fa10-01-53,2011-04-01 8:46,1301615160,8,6,99,-4,-58
fa10-01-53,2011-04-01 9:19,1301617140,9,6,99,-4,-58
fa10-01-53,2011-04-01 9:52,1301619120,9,6,99,-4,-58
fa10-01-53,2011-04-01 10:25,1301621100,10,6,99,-4,-58
fa10-01-53,2011-04-01 12:05,1301627100,12,6,78,4725,5175
fa10-01-53,2011-04-01 13:10,1301631000,13,6,671,4955,5299
fa10-01-53,2011-04-01 13:43,1301632980,13,6,671,4955,5299
fa10-01-53,2011-04-01 14:16,1301634960,14,6,671,4955,5299
fa10-01-53,2011-04-01 14:49,1301636940,14,6,60,4695,5069
fa10-01-53,2011-04-01 15:22,1301638920,15,6,671,4955,5299
fa10-01-53,2011-04-01 17:01,1301644860,17,6,671,4955,5299
fa10-01-53,2011-04-01 17:34,1301646840,17,6,671,4955,5299
fa10-01-53,2011-04-01 18:07,1301648820,18,6,671,4955,5299
fa10-01-53,2011-04-01 18:40,1301650800,18,6,217,4365,4724
fa10-01-53,2011-04-01 23:04,1301666640,23,6,668,4863,4579
fa10-01-53,2011-04-02 2:55,1301680500,2,7,99,-4,-58
fa10-01-53,2011-04-02 3:28,1301682480,3,7,99,-4,-58
fa10-01-53,2011-04-02 4:01,1301684460,4,7,99,-4,-58
fa10-01-53,2011-04-02 4:34,1301686440,4,7,99,-4,-58
fa10-01-53,2011-04-02 5:07,1301688420,5,7,99,-4,-58
fa10-01-53,2011-04-02 5:40,1301690400,5,7,99,-4,-58
fa10-01-53,2011-04-02 6:13,1301692380,6,7,99,-4,-58
fa10-01-53,2011-04-02 6:46,1301694360,6,7,99,-4,-58
fa10-01-53,2011-04-02 7:19,1301696340,7,7,99,-4,-58
fa10-01-53,2011-04-02 7:52,1301698320,7,7,99,-4,-58
fa10-01-53,2011-04-02 8:25,1301700300,8,7,99,-4,-58
fa10-01-53,2011-04-02 8:58,1301702280,8,7,99,-4,-58
fa10-01-53,2011-04-02 9:31,1301704260,9,7,99,-4,-58
fa10-01-53,2011-04-02 10:05,1301706300,10,7,60,130,143
fa10-01-53,2011-04-02 10:38,1301708280,10,7,60,121,130
fa10-01-53,2011-04-02 11:11,1301710260,11,7,551,438,362
fa10-01-53,2011-04-02 11:43,1301712180,11,7,850,2832,3730
fa10-01-53,2011-04-02 12:50,1301716200,12,7,47,4841,5275
fa10-01-53,2011-04-02 13:55,1301720100,13,7,52,4828,5254
fa10-01-53,2011-04-02 15:01,1301724060,15,7,64,4776,5209
fa10-01-53,2011-04-02 15:34,1301726040,15,7,62,4770,5208
fa10-01-53,2011-04-02 16:07,1301728020,16,7,71,4753,5164
fa10-01-53,2011-04-02 16:41,1301730060,16,7,69,4788,5201
fa10-01-53,2011-04-02 17:14,1301732040,17,7,78,4722,5129
fa10-01-53,2011-04-02 17:47,1301734020,17,7,76,4749,5157
fa10-01-53,2011-04-02 18:19,1301735940,18,7,77,4717,5125
fa10-01-53,2011-04-02 18:52,1301737920,18,7,70,4798,5222
fa10-01-53,2011-04-02 19:25,1301739900,19,7,70,4798,5222
fa10-01-53,2011-04-02 20:31,1301743860,20,7,99,-4,-58
fa10-01-53,2011-04-02 21:04,1301745840,21,7,99,-4,-58
fa10-01-53,2011-04-02 21:37,1301747820,21,7,99,-4,-58
fa10-01-53,2011-04-02 22:10,1301749800,22,7,99,-4,-58
fa10-01-53,2011-04-03 11:18,1301797080,11,1,9,2385,2186
fa10-01-53,2011-04-03 13:47,1301806020,13,1,69,4757,5175
fa10-01-53,2011-04-03 14:04,1301807040,14,1,67,4764,5226
fa10-01-53,2011-04-03 14:41,1301809260,14,1,71,4757,5174
fa10-01-53,2011-04-03 15:14,1301811240,15,1,73,4715,5121
fa10-01-53,2011-04-03 16:40,1301816400,16,1,56,4791,5233
fa10-01-53,2011-04-03 17:08,1301818080,17,1,62,4776,5210
fa10-01-53,2011-04-03 17:40,1301820000,17,1,70,4807,5226
fa10-01-53,2011-04-03 18:15,1301822100,18,1,69,4743,5172
fa10-01-53,2011-04-03 18:46,1301823960,18,1,74,4737,5156
fa10-01-53,2011-04-03 19:25,1301826300,19,1,65,4777,5225
fa10-01-53,2011-04-03 19:59,1301828340,19,1,69,4779,5220
fa10-01-53,2011-04-03 20:31,1301830260,20,1,79,4753,5170
fa10-01-53,2011-04-03 20:47,1301831220,20,1,60,4531,4883
fa10-01-53,2011-04-04 12:11,1301886660,12,2,60,4967,5464
fa10-01-53,2011-04-04 12:44,1301888640,12,2,60,4971,5479
fa10-01-53,2011-04-04 13:23,1301890980,13,2,82,4641,5023
fa10-01-53,2011-04-04 14:01,1301893260,14,2,27,4182,4402
fa10-01-53,2011-04-04 14:23,1301894580,14,2,83,4778,5185
fa10-01-53,2011-04-04 14:59,1301896740,14,2,64,4814,5246
fa10-01-53,2011-04-04 15:35,1301898900,15,2,78,4752,5166
fa10-01-53,2011-04-04 22:23,1301923380,22,2,831,401,101
fa10-01-53,2011-04-05 0:37,1301931420,0,3,34,89,24
fa10-01-53,2011-04-05 0:59,1301932740,0,3,13,-47,-134
fa10-01-53,2011-04-05 1:22,1301934120,1,3,58,-106,-188
fa10-01-53,2011-04-05 1:46,1301935560,1,3,20,-107,-201
fa10-01-53,2011-04-05 2:41,1301938860,2,3,29,-46,-154
fa10-01-53,2011-04-05 3:05,1301940300,3,3,54,-133,-57
fa10-01-53,2011-04-05 3:27,1301941620,3,3,20,-121,-196
fa10-01-53,2011-04-05 4:24,1301945040,4,3,54,-4,38
fa10-01-53,2011-04-05 4:46,1301946360,4,3,34,-120,-196
fa10-01-53,2011-04-05 6:15,1301951700,6,3,10,-46,-107
fa10-01-53,2011-04-05 6:38,1301953080,6,3,34,-45,-116
fa10-01-53,2011-04-05 7:02,1301954520,7,3,27,8,-132
fa10-01-53,2011-04-05 7:26,1301955960,7,3,25,-95,-175
fa10-01-53,2011-04-05 7:48,1301957280,7,3,99,3,-22
fa10-01-53,2011-04-05 8:15,1301958900,8,3,7,-1692,-2358
fa10-01-53,2011-04-05 8:40,1301960400,8,3,10,-47,-125
fa10-01-53,2011-04-05 9:04,1301961840,9,3,99,-4,-58
fa10-01-53,2011-04-05 9:40,1301964000,9,3,99,-4,-58
fa10-01-53,2011-04-05 10:16,1301966160,10,3,99,-4,-58
fa10-01-53,2011-04-05 10:49,1301968140,10,3,99,-4,-58
fa10-01-53,2011-04-05 11:22,1301970120,11,3,99,-4,-58
fa10-01-53,2011-04-05 16:52,1301989920,16,3,60,4459,4574
fa10-01-53,2011-04-05 17:27,1301992020,17,3,84,4769,5190
fa10-01-53,2011-04-05 18:05,1301994300,18,3,77,4742,5152
fa10-01-53,2011-04-05 22:43,1302010980,22,3,99,-4,-58
fa10-01-53,2011-04-05 23:16,1302012960,23,3,99,-4,-58
fa10-01-53,2011-04-05 23:49,1302014940,23,3,99,-4,-58
fa10-01-53,2011-04-06 7:31,1302042660,7,4,99,-4,-58
fa10-01-53,2011-04-06 8:05,1302044700,8,4,101,-67,-243
fa10-01-53,2011-04-06 8:28,1302046080,8,4,99,-4,-58
fa10-01-53,2011-04-06 9:01,1302048060,9,4,99,-4,-58
fa10-01-53,2011-04-06 9:34,1302050040,9,4,99,-4,-58
fa10-01-53,2011-04-06 12:05,1302059100,12,4,81,4761,5172
fa10-01-53,2011-04-06 12:38,1302061080,12,4,83,4790,5193
fa10-01-53,2011-04-06 13:10,1302063000,13,4,90,4761,5172
fa10-01-53,2011-04-06 13:43,1302064980,13,4,93,4775,5183
fa10-01-53,2011-04-06 14:17,1302067020,14,4,92,4723,5109
fa10-01-53,2011-04-06 14:31,1302067860,14,4,74,4649,5011
fa10-01-53,2011-04-06 14:45,1302068700,14,4,103,4744,5143
fa10-01-53,2011-04-06 15:18,1302070680,15,4,671,4955,5299
fa10-01-53,2011-04-06 15:51,1302072660,15,4,78,4832,5258
fa10-01-53,2011-04-06 16:24,1302074640,16,4,97,4735,5130
fa10-01-53,2011-04-06 16:58,1302076680,16,4,96,4755,5168
fa10-01-53,2011-04-06 17:32,1302078720,17,4,4,3577,4013
fa10-01-53,2011-04-06 17:35,1302078900,17,4,7,2052,2391
fa10-01-53,2011-04-06 18:47,1302083220,18,4,4,-36,-134
fa10-01-53,2011-04-06 19:12,1302084720,19,4,29,-73,-203
fa10-01-53,2011-04-06 20:10,1302088200,20,4,24,172,189
fa10-01-53,2011-04-06 21:18,1302092280,21,4,99,-4,-58
fa10-01-53,2011-04-06 21:51,1302094260,21,4,99,-4,-58
fa10-01-53,2011-04-06 23:32,1302100320,23,4,99,-4,-58
fa10-01-53,2011-04-07 0:05,1302102300,0,5,99,-4,-58
fa10-01-53,2011-04-07 0:38,1302104280,0,5,99,-4,-58
fa10-01-53,2011-04-07 1:12,1302106320,1,5,20,-59,-150
fa10-01-53,2011-04-07 1:39,1302107940,1,5,66,36,-65
fa10-01-53,2011-04-07 2:05,1302109500,2,5,23,-38,-108
fa10-01-53,2011-04-07 2:31,1302111060,2,5,13,-71,-141
fa10-01-53,2011-04-07 2:59,1302112740,2,5,29,-179,-251
fa10-01-53,2011-04-07 3:21,1302114060,3,5,99,-4,-58
fa10-01-53,2011-04-07 3:54,1302116040,3,5,99,-4,-58
fa10-01-53,2011-04-07 4:27,1302118020,4,5,99,-4,-58
fa10-01-53,2011-04-07 5:01,1302120060,5,5,34,-102,-234
fa10-01-53,2011-04-07 5:27,1302121620,5,5,40,6,-91
fa10-01-53,2011-04-07 5:53,1302123180,5,5,29,-24,-114
fa10-01-53,2011-04-07 6:21,1302124860,6,5,29,-117,-371
fa10-01-53,2011-04-07 6:47,1302126420,6,5,14,15,-28
fa10-01-53,2011-04-07 7:11,1302127860,7,5,99,-4,-58
fa10-01-53,2011-04-07 7:45,1302129900,7,5,58,-20,-86
fa10-01-53,2011-04-07 8:11,1302131460,8,5,27,-97,-173
fa10-01-53,2011-04-07 8:39,1302133140,8,5,27,-88,-208
fa10-01-53,2011-04-07 9:04,1302134640,9,5,18,-117,-162
fa10-01-53,2011-04-07 9:30,1302136200,9,5,58,-39,-129
fa10-01-53,2011-04-07 9:53,1302137580,9,5,99,-4,-58
fa10-01-53,2011-04-07 10:28,1302139680,10,5,17,-101,-180
fa10-01-53,2011-04-07 10:54,1302141240,10,5,99,-7,-63
fa10-01-53,2011-04-07 12:33,1302147180,12,5,60,3063,3046
fa10-01-53,2011-04-07 14:30,1302154200,14,5,677,3611,3257
fa10-01-53,2011-04-07 15:04,1302156240,15,5,60,3062,3040
fa10-01-53,2011-04-07 15:36,1302158160,15,5,60,3062,3040
fa10-01-53,2011-04-07 17:20,1302164400,17,5,751,5986,7034
fa10-01-53,2011-04-07 17:53,1302166380,17,5,81,4771,5195
fa10-01-53,2011-04-07 18:27,1302168420,18,5,81,4771,5195
fa10-01-53,2011-04-07 20:46,1302176760,20,5,99,-4,-58
fa10-01-53,2011-04-07 21:19,1302178740,21,5,99,-4,-58
fa10-01-53,2011-04-07 21:52,1302180720,21,5,99,-4,-58
fa10-01-53,2011-04-07 22:58,1302184680,22,5,99,-4,-58
fa10-01-53,2011-04-08 0:11,1302189060,0,6,27,-63,-151
fa10-01-53,2011-04-08 0:32,1302190320,0,6,99,-3,-56
fa10-01-53,2011-04-08 1:06,1302192360,1,6,40,-26,-83
fa10-01-53,2011-04-08 1:29,1302193740,1,6,66,-34,-88
fa10-01-53,2011-04-08 1:52,1302195120,1,6,54,-27,-105
fa10-01-53,2011-04-08 2:16,1302196560,2,6,17,16,-47
fa10-01-53,2011-04-08 2:37,1302197820,2,6,111,-4,-58
fa10-01-53,2011-04-08 3:11,1302199860,3,6,40,-51,-120
fa10-01-53,2011-04-08 3:34,1302201240,3,6,14,-51,-116
fa10-01-53,2011-04-08 3:57,1302202620,3,6,27,8,-57
fa10-01-53,2011-04-08 4:20,1302204000,4,6,34,-77,-160
fa10-01-53,2011-04-08 4:43,1302205380,4,6,58,-26,-110
fa10-01-53,2011-04-08 5:07,1302206820,5,6,9,-34,-97
fa10-01-53,2011-04-08 5:29,1302208140,5,6,25,-38,-124
fa10-01-53,2011-04-08 5:52,1302209520,5,6,34,-139,-108
fa10-01-53,2011-04-08 6:15,1302210900,6,6,29,-27,-94
fa10-01-53,2011-04-08 6:38,1302212280,6,6,29,-2,-47
fa10-01-53,2011-04-08 7:05,1302213900,7,6,40,-39,-138
fa10-01-53,2011-04-08 7:28,1302215280,7,6,40,-41,-109
fa10-01-53,2011-04-08 7:50,1302216600,7,6,10,-168,-302
fa10-01-53,2011-04-08 8:13,1302217980,8,6,29,170,189
fa10-01-53,2011-04-08 8:22,1302218520,8,6,30,171,190
fa10-01-53,2011-04-08 15:51,1302245460,15,6,83,4734,5145
fa10-01-53,2011-04-08 16:27,1302247620,16,6,81,4771,5195
fa10-01-53,2011-04-08 17:05,1302249900,17,6,75,4742,5168
fa10-01-53,2011-04-08 17:39,1302251940,17,6,7,4330,4826
fa10-01-53,2011-04-08 18:03,1302253380,18,6,13,3546,2664
fa10-01-53,2011-04-08 18:24,1302254640,18,6,17,3522,2601
fa10-01-53,2011-04-08 18:52,1302256320,18,6,13,3343,2334
fa10-01-53,2011-04-08 19:18,1302257880,19,6,33,3509,2577
fa10-01-53,2011-04-08 19:45,1302259500,19,6,27,3495,2604
fa10-01-53,2011-04-08 20:14,1302261240,20,6,14,3779,3186
fa10-01-53,2011-04-08 20:18,1302261480,20,6,17,4192,4031
fa10-01-53,2011-04-08 21:02,1302264120,21,6,7,731,574
fa10-01-53,2011-04-08 21:23,1302265380,21,6,99,-4,-58
fa10-01-53,2011-04-08 21:57,1302267420,21,6,99,-4,-58
fa10-01-53,2011-04-08 23:36,1302273360,23,6,34,-28,-109
fa10-01-53,2011-04-09 0:02,1302274920,0,7,40,-57,-155
fa10-01-53,2011-04-09 0:30,1302276600,0,7,107,-41,-149
fa10-01-53,2011-04-09 0:56,1302278160,0,7,68,-10,-69
fa10-01-53,2011-04-09 1:22,1302279720,1,7,36,-61,-147
fa10-01-53,2011-04-09 2:23,1302283380,2,7,34,-32,-92
fa10-01-53,2011-04-09 4:29,1302290940,4,7,115,35,-21
fa10-01-53,2011-04-09 4:55,1302292500,4,7,54,-77,-159
fa10-01-53,2011-04-09 5:54,1302296040,5,7,27,-22,-100
fa10-01-53,2011-04-09 6:21,1302297660,6,7,54,-29,-145
fa10-01-53,2011-04-09 7:22,1302301320,7,7,14,-31,-103
fa10-01-53,2011-04-09 7:47,1302302820,7,7,36,-100,-184
fa10-01-53,2011-04-09 8:15,1302304500,8,7,20,23,-75
fa10-01-53,2011-04-09 8:40,1302306000,8,7,45,-3,-116
fa10-01-53,2011-04-09 9:03,1302307380,9,7,58,-27,-132
fa10-01-53,2011-04-09 9:27,1302308820,9,7,58,-73,-103
fa10-01-53,2011-04-09 9:50,1302310200,9,7,68,-18,-116
fa10-01-53,2011-04-09 10:14,1302311640,10,7,9,44,28
fa10-01-53,2011-04-09 10:37,1302313020,10,7,7,2321,2285
fa10-01-53,2011-04-09 10:59,1302314340,10,7,7,-58,-93
fa10-01-53,2011-04-09 11:25,1302315900,11,7,9,-77,-114
fa10-01-53,2011-04-09 11:53,1302317580,11,7,8,-77,-58
fa10-01-53,2011-04-09 12:15,1302318900,12,7,17,10,-82
fa10-01-53,2011-04-09 12:40,1302320400,12,7,99,-4,-58
fa10-01-53,2011-04-09 14:52,1302328320,14,7,85,4733,5161
fa10-01-53,2011-04-09 15:25,1302330300,15,7,83,4743,5174
fa10-01-53,2011-04-09 16:32,1302334320,16,7,82,4778,5214
fa10-01-53,2011-04-09 17:05,1302336300,17,7,86,4766,5198
fa10-01-53,2011-04-09 17:38,1302338280,17,7,73,4755,5189
fa10-01-53,2011-04-09 18:51,1302342660,18,7,72,4686,5091
fa10-01-53,2011-04-09 19:24,1302344640,19,7,72,4686,5091
fa10-01-53,2011-04-09 19:57,1302346620,19,7,77,4700,5105
fa10-01-53,2011-04-09 20:32,1302348720,20,7,17,4486,4920
fa10-01-53,2011-04-09 20:53,1302349980,20,7,99,-4,-58
fa10-01-53,2011-04-09 21:27,1302352020,21,7,99,-4,-58
fa10-01-53,2011-04-10 1:24,1302366240,1,1,99,-4,-58
fa10-01-53,2011-04-10 1:57,1302368220,1,1,99,-4,-58
fa10-01-53,2011-04-10 2:30,1302370200,2,1,99,-4,-58
fa10-01-53,2011-04-10 3:03,1302372180,3,1,99,-4,-58
fa10-01-53,2011-04-10 3:37,1302374220,3,1,40,-22,-90
fa10-01-53,2011-04-10 3:59,1302375540,3,1,99,-4,-58
fa10-01-53,2011-04-10 4:33,1302377580,4,1,36,-39,-118
fa10-01-53,2011-04-10 4:56,1302378960,4,1,27,-39,-126
fa10-01-53,2011-04-10 5:19,1302380340,5,1,40,-23,-109
fa10-01-53,2011-04-10 5:43,1302381780,5,1,13,-55,-117
fa10-01-53,2011-04-10 6:05,1302383100,6,1,27,-63,-198
fa10-01-53,2011-04-10 6:28,1302384480,6,1,36,-31,-146
fa10-01-53,2011-04-10 6:51,1302385860,6,1,17,-39,-93
fa10-01-53,2011-04-10 7:15,1302387300,7,1,27,-36,-140
fa10-01-53,2011-04-10 7:37,1302388620,7,1,68,-45,-89
fa10-01-53,2011-04-10 8:01,1302390060,8,1,18,-64,-80
fa10-01-53,2011-04-10 8:23,1302391380,8,1,36,-31,-105
fa10-01-53,2011-04-10 8:46,1302392760,8,1,66,-87,-124
fa10-01-53,2011-04-10 9:09,1302394140,9,1,29,-36,-119
fa10-01-53,2011-04-10 9:31,1302395460,9,1,111,4,-40
fa10-01-53,2011-04-10 10:04,1302397440,10,1,111,4,-40
fa10-01-53,2011-04-10 11:12,1302401520,11,1,10,-62,-133
fa10-01-53,2011-04-10 11:33,1302402780,11,1,111,4,-40
fa10-01-53,2011-04-10 13:13,1302408780,13,1,65,4621,5015
fa10-01-53,2011-04-10 15:58,1302418680,15,1,72,4819,5252
fa10-01-53,2011-04-10 16:30,1302420600,16,1,78,4735,5157
fa10-01-53,2011-04-10 17:04,1302422640,17,1,80,4776,5221
fa10-01-53,2011-04-10 19:15,1302430500,19,1,60,922,530
fa10-01-53,2011-04-10 19:48,1302432480,19,1,60,885,491
fa10-01-53,2011-04-10 20:21,1302434460,20,1,60,879,478
fa10-01-53,2011-04-10 20:54,1302436440,20,1,60,912,526
fa10-01-53,2011-04-10 23:16,1302444960,23,1,111,4,-40
fa10-01-53,2011-04-10 23:49,1302446940,23,1,105,-50,-68
fa10-01-53,2011-04-11 0:22,1302448920,0,2,105,-50,-68
fa10-01-53,2011-04-11 0:55,1302450900,0,2,111,4,-40
fa10-01-53,2011-04-11 1:29,1302452940,1,2,58,-46,-109
fa10-01-53,2011-04-11 1:51,1302454260,1,2,105,-50,-68
fa10-01-53,2011-04-11 2:24,1302456240,2,2,111,4,-40
fa10-01-53,2011-04-11 2:57,1302458220,2,2,111,4,-40
fa10-01-53,2011-04-11 3:31,1302460260,3,2,54,-56,-123
fa10-01-53,2011-04-11 3:54,1302461640,3,2,40,-85,-189
fa10-01-53,2011-04-11 4:17,1302463020,4,2,80,-64,-135
fa10-01-53,2011-04-11 4:40,1302464400,4,2,34,-27,-86
fa10-01-53,2011-04-11 5:03,1302465780,5,2,36,-83,-162
fa10-01-53,2011-04-11 5:27,1302467220,5,2,68,26,131
fa10-01-53,2011-04-11 5:50,1302468600,5,2,99,-66,-138
fa10-01-53,2011-04-11 6:13,1302469980,6,2,18,-24,-174
fa10-01-53,2011-04-11 6:35,1302471300,6,2,27,-28,-121
fa10-01-53,2011-04-11 6:59,1302472740,6,2,10,-92,-166
fa10-01-53,2011-04-11 7:19,1302473940,7,2,58,-24,-106
fa10-01-53,2011-04-11 7:40,1302475200,7,2,54,11,-50
fa10-01-53,2011-04-11 8:08,1302476880,8,2,68,-130,-349
fa10-01-53,2011-04-11 8:32,1302478320,8,2,99,-4,-58
fa10-01-53,2011-04-11 9:06,1302480360,9,2,99,-4,-58
fa10-01-53,2011-04-11 11:19,1302488340,11,2,74,4735,5150
fa10-01-53,2011-04-11 11:52,1302490320,11,2,60,4821,5281
fa10-01-53,2011-04-11 13:01,1302494460,13,2,76,4785,5211
fa10-01-53,2011-04-11 13:33,1302496380,13,2,61,4840,5287
fa10-01-53,2011-04-11 14:07,1302498420,14,2,67,4804,5241
fa10-01-53,2011-04-11 14:39,1302500340,14,2,80,4799,5229
fa10-01-53,2011-04-11 15:13,1302502380,15,2,75,4834,5265
fa10-01-53,2011-04-11 15:39,1302503940,15,2,78,4758,5165
fa10-01-53,2011-04-11 18:20,1302513600,18,2,81,4698,5126
fa10-01-53,2011-04-11 18:55,1302515700,18,2,850,2832,3730
fa10-01-53,2011-04-11 19:29,1302517740,19,2,60,3456,3815
fa10-01-53,2011-04-11 20:06,1302519960,20,2,60,3484,3866
fa10-01-53,2011-04-11 20:41,1302522060,20,2,60,3490,3857
fa10-01-53,2011-04-11 21:18,1302524280,21,2,60,3421,3835
fa10-01-53,2011-04-12 7:53,1302562380,7,3,99,-4,-58
fa10-01-53,2011-04-12 8:25,1302564300,8,3,99,-4,-58
fa10-01-53,2011-04-12 8:58,1302566280,8,3,99,-4,-58
fa10-01-53,2011-04-12 9:31,1302568260,9,3,99,-4,-58
fa10-01-53,2011-04-12 10:04,1302570240,10,3,99,-4,-58
fa10-01-53,2011-04-12 10:37,1302572220,10,3,99,-4,-54
fa10-01-53,2011-04-12 11:10,1302574200,11,3,99,-4,-58
fa10-01-53,2011-04-12 12:18,1302578280,12,3,13,3865,4104
fa10-01-53,2011-04-12 12:39,1302579540,12,3,60,4730,5116
fa10-01-53,2011-04-12 13:13,1302581580,13,3,74,4751,5182
fa10-01-53,2011-04-12 13:46,1302583560,13,3,85,4752,5170
fa10-01-53,2011-04-12 14:05,1302584700,14,3,82,4776,5192
fa10-01-53,2011-04-12 14:45,1302587100,14,3,11,3150,3379
fa10-01-53,2011-04-12 16:54,1302594840,16,3,77,4705,5099
fa10-01-53,2011-04-13 12:31,1302665460,12,4,76,4686,5089
fa10-01-53,2011-04-13 13:43,1302669780,13,4,79,4767,5178
fa10-01-53,2011-04-13 14:16,1302671760,14,4,65,4785,5236
fa10-01-53,2011-04-13 14:52,1302673920,14,4,80,4725,5137
fa10-01-53,2011-04-13 15:29,1302676140,15,4,71,4742,5179
fa10-01-53,2011-04-13 16:05,1302678300,16,4,70,4737,5179
fa10-01-53,2011-04-13 16:40,1302680400,16,4,88,4752,5176
fa10-01-53,2011-04-13 17:15,1302682500,17,4,7,-2010,-2792
fa10-01-53,2011-04-13 21:15,1302696900,21,4,99,-4,-58
fa10-01-53,2011-04-13 21:48,1302698880,21,4,99,-4,-58
fa10-01-53,2011-04-13 22:21,1302700860,22,4,99,-4,-58
fa10-01-53,2011-04-13 22:54,1302702840,22,4,99,-4,-58
fa10-01-53,2011-04-13 23:28,1302704880,23,4,99,-4,-58
fa10-01-53,2011-04-14 0:00,1302706800,0,5,99,-1,-47
fa10-01-53,2011-04-14 0:33,1302708780,0,5,99,-4,-58
fa10-01-53,2011-04-14 1:06,1302710760,1,5,40,-91,-176
fa10-01-53,2011-04-14 1:29,1302712140,1,5,99,-4,-58
fa10-01-53,2011-04-14 2:03,1302714180,2,5,99,-4,-58
fa10-01-53,2011-04-14 2:35,1302716100,2,5,99,-4,-58
fa10-01-53,2011-04-14 3:08,1302718080,3,5,99,-4,-58
fa10-01-53,2011-04-14 3:43,1302720180,3,5,34,166,114
fa10-01-53,2011-04-14 4:04,1302721440,4,5,27,-65,-138
fa10-01-53,2011-04-14 4:27,1302722820,4,5,54,-49,-93
fa10-01-53,2011-04-14 4:51,1302724260,4,5,101,61,-19
fa10-01-53,2011-04-14 5:14,1302725640,5,5,34,-69,-154
fa10-01-53,2011-04-14 5:37,1302727020,5,5,29,-70,-66
fa10-01-53,2011-04-14 6:01,1302728460,6,5,14,-39,-145
fa10-01-53,2011-04-14 6:22,1302729720,6,5,29,-35,-82
fa10-01-53,2011-04-14 6:46,1302731160,6,5,10,-39,-69
fa10-01-53,2011-04-14 7:09,1302732540,7,5,49,-65,-227
fa10-01-53,2011-04-14 7:34,1302734040,7,5,99,-4,-58
fa10-01-53,2011-04-14 8:09,1302736140,8,5,6,-1093,-1399
fa10-01-53,2011-04-14 8:34,1302737640,8,5,7,-468,-716
fa10-01-53,2011-04-14 8:59,1302739140,8,5,58,-80,-177
fa10-01-53,2011-04-14 9:26,1302740760,9,5,20,-52,-181
fa10-01-53,2011-04-14 17:55,1302771300,17,5,71,4732,5182
fa10-01-53,2011-04-14 18:31,1302773460,18,5,88,4774,5217
fa10-01-53,2011-04-15 7:51,1302821460,7,6,100,-2,-56
fa10-01-53,2011-04-15 8:24,1302823440,8,6,100,-2,-56
fa10-01-53,2011-04-15 8:57,1302825420,8,6,100,-2,-56
fa10-01-53,2011-04-15 9:30,1302827400,9,6,100,-2,-56
fa10-01-53,2011-04-15 10:36,1302831360,10,6,52,3102,3421
fa10-01-53,2011-04-15 11:12,1302833520,11,6,76,4987,5424
fa10-01-53,2011-04-15 11:45,1302835500,11,6,72,4801,5243
fa10-01-53,2011-04-15 12:18,1302837480,12,6,75,4767,5202
fa10-01-53,2011-04-15 12:54,1302839640,12,6,85,4745,5160
fa10-01-53,2011-04-15 15:06,1302847560,15,6,55,4706,5067
fa10-01-53,2011-04-15 15:43,1302849780,15,6,60,4730,5113
fa10-01-53,2011-04-15 16:17,1302851820,16,6,56,4788,5234
fa10-01-53,2011-04-15 16:51,1302853860,16,6,64,4804,5265
fa10-01-53,2011-04-15 17:24,1302855840,17,6,69,4799,5251
fa10-01-53,2011-04-15 17:53,1302857580,17,6,51,4736,5193
fa10-01-53,2011-04-15 18:27,1302859620,18,6,10,4438,4801
fa10-01-53,2011-04-15 18:53,1302861180,18,6,68,-64,-120
fa10-01-53,2011-04-15 19:17,1302862620,19,6,844,595,830
fa10-01-53,2011-04-15 19:51,1302864660,19,6,100,-2,-56
fa10-01-53,2011-04-15 20:24,1302866640,20,6,10,28,26
fa10-01-53,2011-04-15 20:49,1302868140,20,6,100,-2,-56
fa10-01-53,2011-04-15 21:24,1302870240,21,6,100,-2,-56
fa10-01-53,2011-04-15 22:01,1302872460,22,6,100,-2,-56
fa10-01-53,2011-04-16 4:42,1302896520,4,7,100,-2,-56
fa10-01-53,2011-04-16 5:15,1302898500,5,7,100,-2,-56
fa10-01-53,2011-04-16 5:48,1302900480,5,7,100,-2,-56
fa10-01-53,2011-04-16 6:21,1302902460,6,7,100,-2,-56
fa10-01-53,2011-04-16 6:54,1302904440,6,7,100,-2,-56
fa10-01-53,2011-04-16 7:27,1302906420,7,7,100,-2,-56
fa10-01-53,2011-04-16 8:00,1302908400,8,7,100,-2,-56
fa10-01-53,2011-04-16 11:54,1302922440,11,7,100,-2,-56
fa10-01-53,2011-04-16 12:28,1302924480,12,7,100,-2,-56
fa10-01-53,2011-04-16 13:01,1302926460,13,7,100,-2,-56
fa10-01-53,2011-04-16 13:34,1302928440,13,7,100,-2,-56
fa10-01-53,2011-04-16 14:07,1302930420,14,7,13,-40,-54
fa10-01-53,2011-04-16 14:34,1302932040,14,7,54,-87,-155
fa10-01-53,2011-04-16 14:57,1302933420,14,7,100,27,-21
fa10-01-53,2011-04-16 15:35,1302935700,15,7,66,-25,-87
fa10-01-53,2011-04-16 15:59,1302937140,15,7,8,-35,-68
fa10-01-53,2011-04-16 16:22,1302938520,16,7,844,595,830
fa10-01-53,2011-04-16 16:56,1302940560,16,7,20,-34,-107
fa10-01-53,2011-04-16 17:20,1302942000,17,7,100,-2,-56
fa10-01-53,2011-04-16 17:53,1302943980,17,7,100,14,-36
fa10-01-53,2011-04-16 18:29,1302946140,18,7,100,16,-35
fa10-01-53,2011-04-16 19:04,1302948240,19,7,13,2025,3603
fa10-01-53,2011-04-16 21:42,1302957720,21,7,36,809,2903
fa10-01-53,2011-04-16 22:08,1302959280,22,7,179,210,226
fa10-01-53,2011-04-17 0:53,1302969180,0,1,100,-2,-56
fa10-01-53,2011-04-17 1:25,1302971100,1,1,49,-209,-319
fa10-01-53,2011-04-17 1:52,1302972720,1,1,13,-91,-168
fa10-01-53,2011-04-17 2:18,1302974280,2,1,58,-104,-200
fa10-01-53,2011-04-17 2:46,1302975960,2,1,10,-152,-290
fa10-01-53,2011-04-17 3:11,1302977460,3,1,29,-141,-246
fa10-01-53,2011-04-17 3:38,1302979080,3,1,20,-92,-176
fa10-01-53,2011-04-17 4:03,1302980580,4,1,18,-89,-187
fa10-01-53,2011-04-17 4:29,1302982140,4,1,34,-91,-201
fa10-01-53,2011-04-17 4:56,1302983760,4,1,49,-61,-152
fa10-01-53,2011-04-17 5:22,1302985320,5,1,7,-46,-119
fa10-01-53,2011-04-17 5:48,1302986880,5,1,20,-112,-218
fa10-01-53,2011-04-17 6:14,1302988440,6,1,29,55,16
fa10-01-53,2011-04-17 6:38,1302989880,6,1,51,-31,-104
fa10-01-53,2011-04-17 7:41,1302993660,7,1,7,5021,7576
fa10-01-53,2011-04-17 8:03,1302994980,8,1,14,5035,7595
fa10-01-53,2011-04-17 8:27,1302996420,8,1,7,4523,7001
fa10-01-53,2011-04-17 8:49,1302997740,8,1,54,4486,6953
fa10-01-53,2011-04-17 9:12,1302999120,9,1,100,27,-21
fa10-01-53,2011-04-17 9:44,1303001040,9,1,100,14,-36
fa10-01-53,2011-04-17 10:18,1303003080,10,1,100,-2,-56
fa10-01-53,2011-04-17 10:50,1303005000,10,1,100,-2,-56
fa10-01-53,2011-04-17 11:23,1303006980,11,1,100,14,-36
fa10-01-53,2011-04-17 11:56,1303008960,11,1,100,16,-35
fa10-01-53,2011-04-17 12:29,1303010940,12,1,100,-2,-56
fa10-01-53,2011-04-17 13:03,1303012980,13,1,100,14,-36
fa10-01-53,2011-04-17 13:35,1303014900,13,1,844,595,830
fa10-01-53,2011-04-17 20:26,1303039560,20,1,100,14,-36
fa10-01-53,2011-04-17 20:58,1303041480,20,1,100,14,-36
fa10-01-53,2011-04-17 21:31,1303043460,21,1,100,-2,-56
fa10-01-53,2011-04-17 22:04,1303045440,22,1,100,14,-36
fa10-01-53,2011-04-17 22:37,1303047420,22,1,100,16,-35
fa10-01-53,2011-04-17 23:10,1303049400,23,1,100,27,-21
fa10-01-53,2011-04-17 23:43,1303051380,23,1,100,16,-35
fa10-01-53,2011-04-18 0:16,1303053360,0,2,100,16,-35
fa10-01-53,2011-04-18 5:47,1303073220,5,2,100,-2,-56
fa10-01-53,2011-04-18 7:25,1303079100,7,2,100,14,-36
fa10-01-53,2011-04-18 7:58,1303081080,7,2,100,27,-21
fa10-01-53,2011-04-18 9:11,1303085460,9,2,7,-2156,-3150
fa10-01-53,2011-04-18 9:37,1303087020,9,2,51,-38760,-68468
fa10-01-53,2011-04-18 10:03,1303088580,10,2,20,-116813,-186954
fa10-01-53,2011-04-18 10:29,1303090140,10,2,25,-221838,-332910
fa10-01-53,2011-04-18 10:55,1303091700,10,2,34,-289219,-432113
fa10-01-53,2011-04-18 11:16,1303092960,11,2,13,-330571,-485334
fa10-01-53,2011-04-18 11:39,1303094340,11,2,18,-374401,-549765
fa10-01-53,2011-04-19 1:14,1303143240,1,3,54,-408068,-605793
fa10-01-53,2011-04-19 1:48,1303145280,1,3,27,-408060,-605793
fa10-01-53,2011-04-19 2:13,1303146780,2,3,13,-408096,-605851
fa10-01-53,2011-04-19 2:40,1303148400,2,3,13,-408108,-605790
fa10-01-53,2011-04-19 3:03,1303149780,3,3,14,-408107,-605846
fa10-01-53,2011-04-19 3:29,1303151340,3,3,34,-408059,-605798
fa10-01-53,2011-04-19 3:55,1303152900,3,3,12,-408072,-605832
fa10-01-53,2011-04-19 4:22,1303154520,4,3,36,-408067,-605825
fa10-01-53,2011-04-19 4:49,1303156140,4,3,14,-408029,-605788
fa10-01-53,2011-04-19 5:15,1303157700,5,3,14,-408041,-605787
fa10-01-53,2011-04-19 5:41,1303159260,5,3,13,-408087,-605872
fa10-01-53,2011-04-19 6:09,1303160940,6,3,13,-408087,-605888
fa10-01-53,2011-04-19 6:35,1303162500,6,3,27,-408062,-605769
fa10-01-53,2011-04-19 7:02,1303164120,7,3,25,-408066,-605830
fa10-01-53,2011-04-19 7:29,1303165740,7,3,54,-408066,-605823
fa10-01-53,2011-04-19 7:55,1303167300,7,3,18,-408033,-605808
fa10-01-53,2011-04-19 8:20,1303168800,8,3,13,-408054,-605836
fa10-01-53,2011-04-19 8:47,1303170420,8,3,9,-408055,-605836
fa10-01-53,2011-04-19 9:13,1303171980,9,3,13,-408063,-605809
fa10-01-53,2011-04-19 9:36,1303173360,9,3,40,-408005,-605728
fa10-01-53,2011-04-19 9:58,1303174680,9,3,34,-408039,-605767
fa10-01-53,2011-04-19 10:21,1303176060,10,3,10,-408077,-605829
fa10-01-53,2011-04-19 10:45,1303177500,10,3,7,-408038,-605750
fa10-01-53,2011-04-19 11:07,1303178820,11,3,34,-408070,-605839
fa10-01-53,2011-04-19 11:30,1303180200,11,3,27,-408010,-605761
fa10-01-53,2011-04-19 11:54,1303181640,11,3,13,-407717,-604852
fa10-01-53,2011-04-19 14:00,1303189200,14,3,34,-382678,-560038
fa10-01-53,2011-04-19 14:27,1303190820,14,3,11,-315858,-465297
fa10-01-53,2011-04-19 14:51,1303192260,14,3,29,-258236,-389407
fa10-01-53,2011-04-19 15:17,1303193820,15,3,7,-167823,-261818
fa10-01-53,2011-04-19 15:43,1303195380,15,3,18,-64273,-111867
fa10-01-53,2011-04-19 16:10,1303197000,16,3,8,-6201,-12399
fa10-01-53,2011-04-19 16:35,1303198500,16,3,27,-116,-166
fa10-01-53,2011-04-19 16:58,1303199880,16,3,132,-56,-160
fa10-01-53,2011-04-19 17:22,1303201320,17,3,100,-2,-56
fa10-01-53,2011-04-19 18:29,1303205340,18,3,100,19,-30
fa10-01-53,2011-04-19 19:05,1303207500,19,3,100,-2,-56
fa10-01-53,2011-04-19 19:39,1303209540,19,3,100,14,-36
fa10-01-53,2011-04-19 20:11,1303211460,20,3,100,-2,-56
fa10-01-53,2011-04-19 20:47,1303213620,20,3,91,-43,-116
fa10-01-53,2011-04-19 21:13,1303215180,21,3,100,-2,-56
fa10-01-53,2011-04-19 21:46,1303217160,21,3,100,14,-36
fa10-01-53,2011-04-20 4:57,1303243020,4,4,40,-18,-131
fa10-01-53,2011-04-20 5:23,1303244580,5,4,27,-35,-108
fa10-01-53,2011-04-20 5:51,1303246260,5,4,29,-23,-166
fa10-01-53,2011-04-20 6:16,1303247760,6,4,27,-44,-192
fa10-01-53,2011-04-20 6:42,1303249320,6,4,29,-32,-142
fa10-01-53,2011-04-20 7:08,1303250880,7,4,58,-44,-150
fa10-01-53,2011-04-20 7:34,1303252440,7,4,66,-16,-97
fa10-01-53,2011-04-20 7:59,1303253940,7,4,51,5,-90
fa10-01-53,2011-04-20 8:25,1303255500,8,4,100,14,-36
fa10-01-53,2011-04-20 9:00,1303257600,9,4,58,-71,-183
fa10-01-53,2011-04-20 9:24,1303259040,9,4,20,-95,-280
fa10-01-53,2011-04-20 12:34,1303270440,12,4,62,4797,5230
fa10-01-53,2011-04-20 13:07,1303272420,13,4,47,4729,5173
fa10-01-53,2011-04-20 13:42,1303274520,13,4,47,4761,5213
fa10-01-53,2011-04-20 14:18,1303276680,14,4,49,4760,5220
fa10-01-53,2011-04-20 14:52,1303278720,14,4,60,4378,4679
fa10-01-53,2011-04-20 15:26,1303280760,15,4,66,4834,5287
fa10-01-53,2011-04-20 16:02,1303282920,16,4,68,4785,5253
fa10-01-53,2011-04-20 16:34,1303284840,16,4,57,4776,5213
fa10-01-53,2011-04-20 17:07,1303286820,17,4,54,4760,5193
fa10-01-53,2011-04-20 17:37,1303288620,17,4,8,3737,4187
fa10-01-53,2011-04-20 18:26,1303291560,18,4,58,-59,-89
fa10-01-53,2011-04-20 18:50,1303293000,18,4,100,-2,-56
fa10-01-53,2011-04-20 19:23,1303294980,19,4,100,-2,-56
fa10-01-53,2011-04-20 19:56,1303296960,19,4,100,14,-36
fa10-01-53,2011-04-20 20:30,1303299000,20,4,100,24,-22
fa10-01-53,2011-04-20 22:31,1303306260,22,4,100,-2,-56
fa10-01-53,2011-04-20 23:04,1303308240,23,4,100,14,-36
fa10-01-53,2011-04-20 23:37,1303310220,23,4,100,14,-36
fa10-01-53,2011-04-21 0:10,1303312200,0,5,100,14,-36
fa10-01-53,2011-04-21 0:43,1303314180,0,5,94,12,-34
fa10-01-53,2011-04-21 1:16,1303316160,1,5,94,-2,-50
fa10-01-53,2011-04-21 1:49,1303318140,1,5,94,12,-34
fa10-01-53,2011-04-21 2:22,1303320120,2,5,94,-2,-50
fa10-01-53,2011-04-21 2:55,1303322100,2,5,100,-2,-56
fa10-01-53,2011-04-21 3:30,1303324200,3,5,36,-193,-213
fa10-01-53,2011-04-21 3:51,1303325460,3,5,94,-2,-50
fa10-01-53,2011-04-21 4:25,1303327500,4,5,51,-290,-307
fa10-01-53,2011-04-21 4:49,1303328940,4,5,58,46,8
fa10-01-53,2011-04-21 5:11,1303330260,5,5,831,498,466
fa10-01-53,2011-04-21 5:43,1303332180,5,5,100,14,-36
fa10-01-53,2011-04-21 6:17,1303334220,6,5,18,-57,-169
fa10-01-53,2011-04-21 6:41,1303335660,6,5,54,140,465
fa10-01-53,2011-04-21 7:02,1303336920,7,5,100,14,-36
fa10-01-53,2011-04-21 7:35,1303338900,7,5,100,-2,-56
fa10-01-53,2011-04-21 8:09,1303340940,8,5,137,917,7073
fa10-01-53,2011-04-21 8:34,1303342440,8,5,100,-2,-56
fa10-01-53,2011-04-21 9:12,1303344720,9,5,100,-2,-56
fa10-01-53,2011-04-21 9:48,1303346880,9,5,34,-42,-146
fa10-01-53,2011-04-21 10:14,1303348440,10,5,33,-40,-86
fa10-01-53,2011-04-21 10:41,1303350060,10,5,13,-54,-158
fa10-01-53,2011-04-21 11:33,1303353180,11,5,100,-2,-56
fa10-01-53,2011-04-21 13:15,1303359300,13,5,55,4803,5271
fa10-01-53,2011-04-21 13:37,1303360620,13,5,56,4791,5216
fa10-01-53,2011-04-21 13:47,1303361220,13,5,52,4791,5235
fa10-01-53,2011-04-21 14:20,1303363200,14,5,54,4779,5216
fa10-01-53,2011-04-21 14:54,1303365240,14,5,60,3044,3026
fa10-01-53,2011-04-21 15:28,1303367280,15,5,60,3044,3026
fa10-01-53,2011-04-21 16:04,1303369440,16,5,42,3940,4087
fa10-01-53,2011-04-21 17:36,1303374960,17,5,55,4781,5244
fa10-01-53,2011-04-21 18:11,1303377060,18,5,63,4793,5225
fa10-01-53,2011-04-21 18:49,1303379340,18,5,146,185,202
fa10-01-53,2011-04-21 19:20,1303381200,19,5,793,283,94
fa10-01-53,2011-04-21 19:53,1303383180,19,5,793,283,94
fa10-01-53,2011-04-21 20:26,1303385160,20,5,100,-2,-56
fa10-01-53,2011-04-21 21:00,1303387200,21,5,54,-48,-102
fa10-01-53,2011-04-21 21:25,1303388700,21,5,100,-2,-56
fa10-01-53,2011-04-21 21:59,1303390740,21,5,65,-59,-117
fa10-01-53,2011-04-22 4:27,1303414020,4,6,100,-2,-56
fa10-01-53,2011-04-22 5:00,1303416000,5,6,100,-2,-56
fa10-01-53,2011-04-22 5:35,1303418100,5,6,100,-2,-56
fa10-01-53,2011-04-22 6:08,1303420080,6,6,100,-2,-56
fa10-01-53,2011-04-22 6:41,1303422060,6,6,100,-2,-56
fa10-01-53,2011-04-22 7:15,1303424100,7,6,100,27,-21
fa10-01-53,2011-04-22 7:51,1303426260,7,6,100,17,-32
fa10-01-53,2011-04-22 8:23,1303428180,8,6,100,27,-21
fa10-01-53,2011-04-22 8:56,1303430160,8,6,100,14,-36
fa10-01-53,2011-04-22 9:29,1303432140,9,6,477,2185,1990
fa10-01-53,2011-04-22 9:59,1303433940,9,6,63,4799,5237
fa10-01-53,2011-04-22 10:31,1303435860,10,6,57,4763,5194
fa10-01-53,2011-04-22 11:04,1303437840,11,6,48,4964,5420
fa10-01-53,2011-04-22 11:37,1303439820,11,6,60,4738,5115
fa10-01-53,2011-04-22 12:11,1303441860,12,6,55,4781,5230
fa10-01-53,2011-04-22 12:43,1303443780,12,6,45,4729,5168
fa10-01-53,2011-04-22 13:14,1303445640,13,6,60,4714,5092
fa10-01-53,2011-04-22 16:10,1303456200,16,6,65,4804,5273
fa10-01-53,2011-04-22 16:43,1303458180,16,6,66,4826,5288
fa10-01-53,2011-04-22 20:54,1303473240,20,6,100,16,-35
fa10-01-53,2011-04-22 21:26,1303475160,21,6,100,27,-21
fa10-01-53,2011-04-22 21:59,1303477140,21,6,100,27,-21
fa10-01-53,2011-04-22 22:32,1303479120,22,6,100,27,-21
fa10-01-53,2011-04-22 23:05,1303481100,23,6,100,27,-21
fa10-01-53,2011-04-22 23:38,1303483080,23,6,100,16,-35
fa10-01-53,2011-04-23 0:11,1303485060,0,7,100,-2,-56
fa10-01-53,2011-04-23 0:44,1303487040,0,7,100,14,-36
fa10-01-53,2011-04-23 1:18,1303489080,1,7,100,-2,-56
fa10-01-53,2011-04-23 1:23,1303489380,1,7,100,16,-35
fa10-01-53,2011-04-23 1:55,1303491300,1,7,100,27,-21
fa10-01-53,2011-04-23 2:28,1303493280,2,7,100,27,-21
fa10-01-53,2011-04-23 3:01,1303495260,3,7,100,16,-35
fa10-01-53,2011-04-23 3:35,1303497300,3,7,100,14,-36
fa10-01-53,2011-04-23 4:07,1303499220,4,7,100,27,-21
fa10-01-53,2011-04-23 4:40,1303501200,4,7,100,14,-36
fa10-01-53,2011-04-23 5:14,1303503240,5,7,100,-2,-56
fa10-01-53,2011-04-23 5:46,1303505160,5,7,100,27,-21
fa10-01-53,2011-04-23 6:20,1303507200,6,7,100,-2,-56
fa10-01-53,2011-04-23 6:52,1303509120,6,7,100,27,-21
fa10-01-53,2011-04-23 7:25,1303511100,7,7,100,14,-36
fa10-01-53,2011-04-23 7:58,1303513080,7,7,100,14,-36
fa10-01-53,2011-04-23 8:32,1303515120,8,7,100,-2,-56
fa10-01-53,2011-04-23 9:05,1303517100,9,7,146,188,207
fa10-01-53,2011-04-23 9:38,1303519080,9,7,267,454,594
fa10-01-53,2011-04-23 10:11,1303521060,10,7,60,417,570
fa10-01-53,2011-04-23 10:44,1303523040,10,7,57,280,436
fa10-01-53,2011-04-23 11:16,1303524960,11,7,60,277,465
fa10-01-53,2011-04-23 11:50,1303527000,11,7,60,277,465
fa10-01-53,2011-04-23 12:25,1303529100,12,7,94,13,-33
fa10-01-53,2011-04-23 12:58,1303531080,12,7,100,-2,-56
fa10-01-53,2011-04-23 13:32,1303533120,13,7,100,14,-36
fa10-01-53,2011-04-23 14:04,1303535040,14,7,100,14,-36
fa10-01-53,2011-04-23 14:38,1303537080,14,7,100,16,-35
fa10-01-53,2011-04-23 15:10,1303539000,15,7,100,14,-36
fa10-01-53,2011-04-23 15:46,1303541160,15,7,100,27,-21
fa10-01-53,2011-04-23 16:23,1303543380,16,7,831,498,466
fa10-01-53,2011-04-23 16:54,1303545240,16,7,100,16,-35
fa10-01-53,2011-04-23 17:27,1303547220,17,7,100,27,-21
fa10-01-53,2011-04-23 18:00,1303549200,18,7,100,-2,-56
fa10-01-53,2011-04-23 18:33,1303551180,18,7,100,17,-32
fa10-01-53,2011-04-23 19:06,1303553160,19,7,100,-2,-56
fa10-01-53,2011-04-23 19:41,1303555260,19,7,173,2,-57
fa10-01-53,2011-04-24 0:19,1303571940,0,1,100,16,-35
fa10-01-53,2011-04-24 0:52,1303573920,0,1,100,27,-21
fa10-01-53,2011-04-24 1:25,1303575900,1,1,100,-2,-56
fa10-01-53,2011-04-24 1:58,1303577880,1,1,100,14,-36
fa10-01-53,2011-04-24 2:32,1303579920,2,1,100,-2,-56
fa10-01-53,2011-04-24 3:04,1303581840,3,1,100,-2,-56
fa10-01-53,2011-04-24 3:37,1303583820,3,1,100,-2,-56
fa10-01-53,2011-04-24 4:10,1303585800,4,1,100,-2,-56
fa10-01-53,2011-04-24 4:44,1303587840,4,1,100,27,-21
fa10-01-53,2011-04-24 5:16,1303589760,5,1,100,14,-36
fa10-01-53,2011-04-24 5:50,1303591800,5,1,36,-44,-153
fa10-01-53,2011-04-24 6:13,1303593180,6,1,143,21,-22
fa10-01-53,2011-04-24 6:36,1303594560,6,1,100,-2,-56
fa10-01-53,2011-04-24 7:08,1303596480,7,1,100,16,-35
fa10-01-53,2011-04-24 7:41,1303598460,7,1,100,14,-36
fa10-01-53,2011-04-24 8:14,1303600440,8,1,100,16,-35
fa10-01-53,2011-04-24 8:47,1303602420,8,1,100,14,-36
fa10-01-53,2011-04-24 9:20,1303604400,9,1,100,16,-35
fa10-01-53,2011-04-24 9:53,1303606380,9,1,100,16,-35
fa10-01-53,2011-04-24 10:27,1303608420,10,1,100,16,-35
fa10-01-53,2011-04-24 10:59,1303610340,10,1,100,27,-21
fa10-01-53,2011-04-24 11:32,1303612320,11,1,94,13,-33
fa10-01-53,2011-04-24 12:06,1303614360,12,1,94,24,-13
fa10-01-53,2011-04-24 12:39,1303616340,12,1,94,50,18
fa10-01-53,2011-04-24 13:11,1303618260,13,1,51,-80,-121
fa10-01-53,2011-04-24 13:36,1303619760,13,1,13,234,-106
fa10-01-53,2011-04-24 14:03,1303621380,14,1,18,-1288,-1671
fa10-01-53,2011-04-24 15:03,1303624980,15,1,107,-2080,-4446
fa10-01-53,2011-04-24 16:02,1303628520,16,1,51,54,-5251
fa10-01-53,2011-04-24 18:10,1303636200,18,1,54,-703217,-21931
fa10-01-53,2011-04-24 19:51,1303642260,19,1,100,27,-21
fa10-01-53,2011-04-24 20:24,1303644240,20,1,100,27,-21
fa10-01-53,2011-04-24 20:59,1303646340,20,1,40,-65,-158
fa10-01-53,2011-04-24 21:22,1303647720,21,1,100,-2,-56
fa10-01-53,2011-04-24 21:56,1303649760,21,1,20,-43,-134
fa10-01-53,2011-04-25 7:15,1303683300,7,2,100,-2,-56
fa10-01-53,2011-04-25 11:53,1303699980,11,2,44,4733,5174
fa10-01-53,2011-04-25 12:26,1303701960,12,2,54,4763,5207
fa10-01-53,2011-04-25 12:59,1303703940,12,2,63,4797,5257
fa10-01-53,2011-04-25 13:20,1303705200,13,2,53,4771,5222
fa10-01-53,2011-04-25 13:52,1303707120,13,2,60,4807,5261
fa10-01-53,2011-04-25 14:26,1303709160,14,2,71,4819,5265
fa10-01-53,2011-04-25 14:59,1303711140,14,2,45,4733,5168
fa10-01-53,2011-04-25 15:05,1303711500,15,2,54,4752,5183
fa10-01-53,2011-04-25 16:05,1303715100,16,2,69,4815,5262
fa10-01-53,2011-04-25 17:16,1303719360,17,2,54,4774,5224
fa10-01-53,2011-04-25 17:52,1303721520,17,2,65,4835,5290
fa10-01-53,2011-04-26 7:29,1303770540,7,3,100,-2,-56
fa10-01-53,2011-04-26 8:02,1303772520,8,3,100,-2,-56
fa10-01-53,2011-04-26 8:22,1303773720,8,3,831,401,101
fa10-01-53,2011-04-26 8:58,1303775880,8,3,100,-2,-56
fa10-01-53,2011-04-26 9:30,1303777800,9,3,100,-2,-56
fa10-01-53,2011-04-26 10:03,1303779780,10,3,138,61,52
fa10-01-53,2011-04-26 10:36,1303781760,10,3,100,-2,-56
fa10-01-53,2011-04-26 11:10,1303783800,11,3,100,-2,-56
fa10-01-53,2011-04-26 13:56,1303793760,13,3,65,4790,5248
fa10-01-53,2011-04-26 14:28,1303795680,14,3,671,4955,5299
fa10-01-53,2011-04-26 16:12,1303801920,16,3,53,4842,5298
fa10-01-53,2011-04-26 16:44,1303803840,16,3,56,4763,5208
fa10-01-53,2011-04-26 17:17,1303805820,17,3,66,4781,5237
fa10-01-53,2011-04-26 17:50,1303807800,17,3,46,4746,5185
fa10-01-53,2011-04-26 18:27,1303810020,18,3,60,4807,5261
fa10-01-53,2011-04-26 18:59,1303811940,18,3,100,-2,-56
fa10-01-53,2011-04-26 21:11,1303819860,21,3,831,401,101
fa10-01-53,2011-04-26 21:45,1303821900,21,3,100,-2,-56
fa10-01-53,2011-04-27 4:53,1303847580,4,4,100,-2,-56
fa10-01-53,2011-04-27 5:26,1303849560,5,4,100,-2,-56
fa10-01-53,2011-04-27 5:59,1303851540,5,4,100,-2,-56
fa10-01-53,2011-04-27 6:32,1303853520,6,4,100,-2,-56
fa10-01-53,2011-04-27 7:05,1303855500,7,4,100,-2,-56
fa10-01-53,2011-04-27 7:38,1303857480,7,4,100,-1,-52
fa10-01-53,2011-04-27 8:11,1303859460,8,4,100,-2,-56
fa10-01-53,2011-04-27 8:44,1303861440,8,4,100,-2,-56
fa10-01-53,2011-04-27 9:18,1303863480,9,4,65,-66,-145
fa10-01-53,2011-04-27 9:45,1303865100,9,4,16,2283,2073
fa10-01-53,2011-04-27 11:20,1303870800,11,4,63,4788,5222
fa10-01-53,2011-04-27 12:26,1303874760,12,4,43,4741,5169
fa10-01-53,2011-04-27 12:59,1303876740,12,4,57,4815,5262
fa10-01-53,2011-04-27 13:31,1303878660,13,4,55,4768,5207
fa10-01-53,2011-04-27 14:04,1303880640,14,4,63,4786,5219
fa10-01-53,2011-04-27 14:37,1303882620,14,4,55,4766,5204
fa10-01-53,2011-04-27 15:10,1303884600,15,4,43,4741,5169
fa10-01-53,2011-04-27 15:44,1303886640,15,4,50,4774,5206
fa10-01-53,2011-04-27 16:16,1303888560,16,4,56,4834,5299
fa10-01-53,2011-04-27 16:50,1303890600,16,4,69,4873,5333
fa10-01-53,2011-04-27 17:22,1303892520,17,4,49,4809,5268
fa10-01-53,2011-04-27 17:58,1303894680,17,4,56,4834,5299
fa10-01-53,2011-04-27 18:32,1303896720,18,4,68,4850,5313
fa10-01-53,2011-04-27 19:04,1303898640,19,4,54,4814,5268
fa10-01-53,2011-04-27 19:37,1303900620,19,4,100,-2,-56
fa10-01-53,2011-04-27 20:10,1303902600,20,4,100,-2,-56
fa10-01-53,2011-04-28 22:35,1303997700,22,5,100,-2,-56
fa10-01-53,2011-04-28 23:07,1303999620,23,5,100,-2,-56
fa10-01-53,2011-04-28 23:40,1304001600,23,5,100,-2,-56
fa10-01-53,2011-04-29 0:13,1304003580,0,6,100,-2,-56
fa10-01-53,2011-04-29 0:46,1304005560,0,6,100,-2,-56
fa10-01-53,2011-04-29 1:19,1304007540,1,6,100,-2,-56
fa10-01-53,2011-04-29 1:52,1304009520,1,6,100,-2,-56
fa10-01-53,2011-04-29 2:25,1304011500,2,6,100,-2,-56
fa10-01-53,2011-04-29 2:58,1304013480,2,6,100,-2,-56
fa10-01-53,2011-04-29 3:31,1304015460,3,6,100,-2,-56
fa10-01-53,2011-04-29 4:04,1304017440,4,6,100,-2,-56
fa10-01-53,2011-04-29 4:37,1304019420,4,6,100,-2,-56
fa10-01-53,2011-04-29 5:10,1304021400,5,6,100,-2,-56
fa10-01-53,2011-04-29 5:43,1304023380,5,6,100,-2,-56
fa10-01-53,2011-04-29 6:16,1304025360,6,6,100,-2,-56
fa10-01-53,2011-04-29 6:49,1304027340,6,6,100,-2,-56
fa10-01-53,2011-04-29 7:22,1304029320,7,6,99,13,-37
fa10-01-53,2011-04-29 7:55,1304031300,7,6,99,-2,-56
fa10-01-53,2011-04-29 8:29,1304033340,8,6,112,0,-56
fa10-01-53,2011-04-29 8:43,1304034180,8,6,99,-2,-56
fa10-01-53,2011-04-29 9:15,1304036100,9,6,99,-2,-56
fa10-01-53,2011-04-29 9:48,1304038080,9,6,99,-2,-56
fa10-01-53,2011-04-29 10:21,1304040060,10,6,99,-2,-56
fa10-01-53,2011-04-29 10:56,1304042160,10,6,13,373,237
fa10-01-53,2011-04-29 11:18,1304043480,11,6,95,4776,5209
fa10-01-53,2011-04-29 11:50,1304045400,11,6,108,4795,5232
fa10-01-53,2011-04-29 16:04,1304060640,16,6,37,4802,5195
fa10-01-53,2011-04-29 17:38,1304066280,17,6,9,35,-8
fa10-01-53,2011-04-29 18:01,1304067660,18,6,7,4,3
fa10-01-53,2011-04-29 21:39,1304080740,21,6,99,-2,-56
fa10-01-53,2011-04-29 22:02,1304082120,22,6,99,-2,-56
fa10-01-53,2011-04-29 22:41,1304084460,22,6,99,-2,-56
fa10-01-53,2011-04-29 23:47,1304088420,23,6,802,351,632
fa10-01-53,2011-04-30 0:20,1304090400,0,7,99,13,-37
fa10-01-53,2011-04-30 0:54,1304092440,0,7,99,-2,-56
fa10-01-53,2011-04-30 1:28,1304094480,1,7,99,16,-33
fa10-01-53,2011-04-30 1:42,1304095320,1,7,99,-2,-56
fa10-01-53,2011-04-30 2:15,1304097300,2,7,99,13,-37
fa10-01-53,2011-04-30 2:50,1304099400,2,7,18,-41,-94
fa10-01-53,2011-04-30 3:11,1304100660,3,7,40,-21,-70
fa10-01-53,2011-04-30 3:34,1304102040,3,7,40,-57,-118
fa10-01-53,2011-04-30 3:57,1304103420,3,7,20,-60,-126
fa10-01-53,2011-04-30 4:20,1304104800,4,7,45,-45,-108
fa10-01-53,2011-04-30 4:44,1304106240,4,7,66,-80,-188
fa10-01-53,2011-04-30 5:07,1304107620,5,7,65,30,-1
fa10-01-53,2011-04-30 5:31,1304109060,5,7,27,-54,-115
fa10-01-53,2011-04-30 5:52,1304110320,5,7,54,-88,-124
fa10-01-53,2011-04-30 6:16,1304111760,6,7,54,-49,-132
fa10-01-53,2011-04-30 6:38,1304113080,6,7,54,-58,-163
fa10-01-53,2011-04-30 7:02,1304114520,7,7,51,-78,-181
fa10-01-53,2011-04-30 7:24,1304115840,7,7,17,-51,-130
fa10-01-53,2011-04-30 7:48,1304117280,7,7,29,-42,-108
fa10-01-53,2011-04-30 8:12,1304118720,8,7,14,-34,-84
fa10-01-53,2011-04-30 8:35,1304120100,8,7,202,8,-51
fa10-01-53,2011-04-30 8:57,1304121420,8,7,68,-25,-151
fa10-01-53,2011-04-30 9:21,1304122860,9,7,25,-70,-165
fa10-01-53,2011-04-30 9:43,1304124180,9,7,54,-59,-140
fa10-01-53,2011-04-30 10:05,1304125500,10,7,34,7,-61
fa10-01-53,2011-04-30 10:28,1304126880,10,7,40,-43,-127
fa10-01-53,2011-04-30 10:51,1304128260,10,7,40,-60,-155
fa10-01-53,2011-04-30 11:15,1304129700,11,7,107,51,-4
fa10-01-53,2011-04-30 14:55,1304142900,14,7,849,214,-89
fa10-01-53,2011-04-30 15:28,1304144880,15,7,60,3154,3026
fa10-01-53,2011-04-30 15:50,1304146200,15,7,65,3225,3073
fa10-01-53,2011-05-01 0:18,1304176680,0,1,99,16,-33
fa10-01-53,2011-05-01 0:51,1304178660,0,1,99,-2,-56
fa10-01-53,2011-05-01 1:24,1304180640,1,1,99,-2,-56
fa10-01-53,2011-05-01 1:58,1304182680,1,1,99,16,-33
fa10-01-53,2011-05-01 4:10,1304190600,4,1,99,16,-33
fa10-01-53,2011-05-01 4:42,1304192520,4,1,148,-6,-64
fa10-01-53,2011-05-01 5:16,1304194560,5,1,99,13,-37
fa10-01-53,2011-05-01 5:49,1304196540,5,1,99,-2,-56
fa10-01-53,2011-05-01 6:22,1304198520,6,1,99,-2,-56
fa10-01-53,2011-05-01 7:27,1304202420,7,1,99,16,-33
fa10-01-53,2011-05-01 8:00,1304204400,8,1,99,16,-33
fa10-01-53,2011-05-01 8:33,1304206380,8,1,99,-2,-56
fa10-01-53,2011-05-01 9:06,1304208360,9,1,99,16,-33
fa10-01-53,2011-05-01 9:39,1304210340,9,1,99,-2,-56
fa10-01-53,2011-05-01 10:12,1304212320,10,1,99,-2,-56
fa10-01-53,2011-05-01 10:45,1304214300,10,1,99,16,-33
fa10-01-53,2011-05-01 11:18,1304216280,11,1,99,-2,-56
fa10-01-53,2011-05-01 11:53,1304218380,11,1,99,-2,-56
fa10-01-53,2011-05-01 12:26,1304220360,12,1,99,-2,-56
fa10-01-53,2011-05-01 12:58,1304222280,12,1,99,-2,-56
fa10-01-53,2011-05-01 13:32,1304224320,13,1,99,-2,-56
fa10-01-53,2011-05-01 14:04,1304226240,14,1,99,16,-33
fa10-01-53,2011-05-01 14:37,1304228220,14,1,99,-2,-56
fa10-01-53,2011-05-01 17:24,1304238240,17,1,99,-2,-56
fa10-01-53,2011-05-01 17:57,1304240220,17,1,99,-2,-47
fa10-01-53,2011-05-01 18:29,1304242140,18,1,99,-2,-56
fa10-01-53,2011-05-01 19:02,1304244120,19,1,99,-2,-56
fa10-01-53,2011-05-01 19:35,1304246100,19,1,99,-2,-56
fa10-01-53,2011-05-01 20:08,1304248080,20,1,99,16,-33
fa10-01-53,2011-05-01 20:41,1304250060,20,1,99,16,-33
fa10-01-53,2011-05-01 21:14,1304252040,21,1,99,16,-33
fa10-01-53,2011-05-01 21:47,1304254020,21,1,99,-2,-56
fa10-01-53,2011-05-01 22:20,1304256000,22,1,99,16,-33
fa10-01-53,2011-05-01 22:53,1304257980,22,1,99,-2,-56
fa10-01-53,2011-05-01 23:27,1304260020,23,1,99,16,-33
fa10-01-53,2011-05-02 0:32,1304263920,0,2,99,-2,-56
fa10-01-53,2011-05-02 1:38,1304267880,1,2,99,16,-33
fa10-01-53,2011-05-02 2:11,1304269860,2,2,99,-2,-56
fa10-01-53,2011-05-02 2:44,1304271840,2,2,99,16,-33
fa10-01-53,2011-05-02 3:18,1304273880,3,2,99,-2,-56
fa10-01-53,2011-05-02 3:50,1304275800,3,2,99,16,-33
fa10-01-53,2011-05-02 4:24,1304277840,4,2,99,16,-33
fa10-01-53,2011-05-02 4:56,1304279760,4,2,99,16,-33
fa10-01-53,2011-05-02 5:30,1304281800,5,2,99,-2,-56
fa10-01-53,2011-05-02 6:02,1304283720,6,2,99,16,-33
fa10-01-53,2011-05-02 6:35,1304285700,6,2,99,-2,-56
fa10-01-53,2011-05-02 7:09,1304287740,7,2,99,-2,-56
fa10-01-53,2011-05-02 8:54,1304294040,8,2,99,16,-33
fa10-01-53,2011-05-02 9:26,1304295960,9,2,99,-2,-56
fa10-01-53,2011-05-02 11:09,1304302140,11,2,65,4914,5361
fa10-01-53,2011-05-02 12:10,1304305800,12,2,59,4985,5485
fa10-01-53,2011-05-02 12:19,1304306340,12,2,59,4977,5472
fa10-01-53,2011-05-02 12:40,1304307600,12,2,59,4993,5492
fa10-01-53,2011-05-02 13:12,1304309520,13,2,95,4869,5293
fa10-01-53,2011-05-02 13:43,1304311380,13,2,65,4934,5391
fa10-01-53,2011-05-02 14:17,1304313420,14,2,46,4899,5351
fa10-01-53,2011-05-02 14:53,1304315580,14,2,65,4914,5361
fa10-01-53,2011-05-02 15:29,1304317740,15,2,46,4899,5351
fa10-01-53,2011-05-02 15:59,1304319540,15,2,65,4920,5361
fa10-01-53,2011-05-02 16:32,1304321520,16,2,768,6064,7133
fa10-01-53,2011-05-02 17:06,1304323560,17,2,65,4932,5374
fa10-01-53,2011-05-02 17:39,1304325540,17,2,65,4910,5362
fa10-01-53,2011-05-02 17:58,1304326680,17,2,65,4958,5417
fa10-01-53,2011-05-02 18:17,1304327820,18,2,65,4912,5356
fa10-01-53,2011-05-02 18:46,1304329560,18,2,65,4927,5376
fa10-01-53,2011-05-02 20:59,1304337540,20,2,99,-2,-56
fa10-01-53,2011-05-02 21:31,1304339460,21,2,99,26,-20
fa10-01-53,2011-05-02 22:04,1304341440,22,2,99,16,-33
fa10-01-53,2011-05-02 23:10,1304345400,23,2,99,16,-33
fa10-01-53,2011-05-02 23:43,1304347380,23,2,99,13,-37
fa10-01-53,2011-05-03 0:16,1304349360,0,3,99,16,-33
fa10-01-53,2011-05-03 0:50,1304351400,0,3,99,-2,-56
fa10-01-53,2011-05-03 1:22,1304353320,1,3,99,26,-20
fa10-01-53,2011-05-03 1:55,1304355300,1,3,99,26,-20
fa10-01-53,2011-05-03 2:30,1304357400,2,3,25,16,-72
fa10-01-53,2011-05-03 2:57,1304359020,2,3,13,14,-109
fa10-01-53,2011-05-03 3:23,1304360580,3,3,107,-184,-243
fa10-01-53,2011-05-03 3:49,1304362140,3,3,34,-35,-141
fa10-01-53,2011-05-03 4:15,1304363700,4,3,66,-5,-112
fa10-01-53,2011-05-03 4:41,1304365260,4,3,51,-11,-89
fa10-01-53,2011-05-03 5:06,1304366760,5,3,40,-44,-117
fa10-01-53,2011-05-03 5:33,1304368380,5,3,51,-81,-204
fa10-01-53,2011-05-03 5:55,1304369700,5,3,54,-30,-122
fa10-01-53,2011-05-03 6:18,1304371080,6,3,65,-33,-122
fa10-01-53,2011-05-03 6:46,1304372760,6,3,27,-120,-207
fa10-01-53,2011-05-03 7:09,1304374140,7,3,99,-2,-56
fa10-01-53,2011-05-03 7:43,1304376180,7,3,10,1,-40
fa10-01-53,2011-05-03 8:06,1304377560,8,3,49,-29,-73
fa10-01-53,2011-05-03 8:28,1304378880,8,3,849,214,-89
fa10-01-53,2011-05-03 9:02,1304380920,9,3,51,-51,-129
fa10-01-53,2011-05-03 9:25,1304382300,9,3,80,-113,-87
fa10-01-53,2011-05-03 9:48,1304383680,9,3,99,-2,-56
fa10-01-53,2011-05-03 12:17,1304392620,12,3,65,4939,5391
fa10-01-53,2011-05-03 12:49,1304394540,12,3,65,4915,5371
fa10-01-53,2011-05-03 13:06,1304395560,13,3,65,4902,5333
fa10-01-53,2011-05-03 13:40,1304397600,13,3,65,4899,5339
fa10-01-53,2011-05-03 16:10,1304406600,16,3,60,3033,3021
fa10-01-53,2011-05-03 16:25,1304407500,16,3,65,4915,5370
fa10-01-53,2011-05-03 16:57,1304409420,16,3,65,4958,5416
fa10-01-53,2011-05-03 17:36,1304411760,17,3,65,4899,5331
fa10-01-53,2011-05-03 17:45,1304412300,17,3,117,4703,5135
fa10-01-53,2011-05-03 20:30,1304422200,20,3,99,-2,-56
fa10-01-53,2011-05-03 21:04,1304424240,21,3,99,26,-20
fa10-01-53,2011-05-03 21:36,1304426160,21,3,99,-2,-56
fa10-01-53,2011-05-03 23:15,1304432100,23,3,99,-2,-56
fa10-01-53,2011-05-03 23:48,1304434080,23,3,99,-2,-56
fa10-01-53,2011-05-04 0:22,1304436120,0,4,99,13,-37
fa10-01-53,2011-05-04 3:40,1304448000,3,4,14,3,-48
fa10-01-53,2011-05-04 4:02,1304449320,4,4,34,-51,-122
fa10-01-53,2011-05-04 4:25,1304450700,4,4,54,19,-92
fa10-01-53,2011-05-04 4:48,1304452080,4,4,99,26,-20
fa10-01-53,2011-05-04 5:23,1304454180,5,4,25,-73,-150
fa10-01-53,2011-05-04 5:45,1304455500,5,4,54,-25,-102
fa10-01-53,2011-05-04 6:07,1304456820,6,4,107,0,-47
fa10-01-53,2011-05-04 6:30,1304458200,6,4,40,-17,-75
fa10-01-53,2011-05-04 6:53,1304459580,6,4,54,-21,-96
fa10-01-53,2011-05-04 7:16,1304460960,7,4,99,13,-37
fa10-01-53,2011-05-04 7:49,1304462940,7,4,27,-12,-117
fa10-01-53,2011-05-04 8:11,1304464260,8,4,99,-2,-56
fa10-01-53,2011-05-04 9:52,1304470320,9,4,9,372,228
fa10-01-53,2011-05-04 11:21,1304475660,11,4,60,4730,5116
fa10-01-53,2011-05-04 15:03,1304488980,15,4,46,4899,5335
fa10-01-53,2011-05-04 15:36,1304490960,15,4,65,4940,5382
fa10-01-53,2011-05-04 16:09,1304492940,16,4,88,4925,5298
fa10-01-53,2011-05-04 16:42,1304494920,16,4,88,4925,5298
fa10-01-53,2011-05-04 16:57,1304495820,16,4,48,4903,5358
fa10-01-53,2011-05-04 17:28,1304497680,17,4,65,4940,5385
fa10-01-53,2011-05-05 1:12,1304525520,1,5,99,-2,-56
fa10-01-53,2011-05-05 1:45,1304527500,1,5,99,16,-33
fa10-01-53,2011-05-05 2:18,1304529480,2,5,99,16,-33
fa10-01-53,2011-05-05 2:51,1304531460,2,5,99,-2,-56
fa10-01-53,2011-05-05 3:25,1304533500,3,5,25,-97,-169
fa10-01-53,2011-05-05 3:52,1304535120,3,5,97,-46,-73
fa10-01-53,2011-05-05 4:18,1304536680,4,5,66,-37,-125
fa10-01-53,2011-05-05 4:44,1304538240,4,5,58,-32,-132
fa10-01-53,2011-05-05 5:10,1304539800,5,5,54,-74,-168
fa10-01-53,2011-05-05 5:37,1304541420,5,5,17,-87,-119
fa10-01-53,2011-05-05 6:02,1304542920,6,5,34,-62,-156
fa10-01-53,2011-05-05 6:28,1304544480,6,5,51,-82,-149
fa10-01-53,2011-05-05 6:55,1304546100,6,5,68,-27,-119
fa10-01-53,2011-05-05 7:20,1304547600,7,5,99,-3,-60
fa10-01-53,2011-05-05 7:54,1304549640,7,5,9,-164,-289
fa10-01-53,2011-05-05 8:18,1304551080,8,5,58,-19,-120
fa10-01-53,2011-05-05 8:45,1304552700,8,5,34,-51,-126
fa10-01-53,2011-05-05 9:11,1304554260,9,5,54,-52,-138
fa10-01-53,2011-05-05 9:37,1304555820,9,5,99,16,-33
fa10-01-53,2011-05-05 10:12,1304557920,10,5,112,37,-6
fa10-01-53,2011-05-05 10:46,1304559960,10,5,17,8,-27
fa10-01-53,2011-05-05 11:12,1304561520,11,5,20,-17,-69
fa10-01-53,2011-05-05 11:39,1304563140,11,5,99,-9,-137
fa10-01-53,2011-05-05 12:03,1304564580,12,5,112,3,-49
fa10-01-53,2011-05-05 13:41,1304570460,13,5,95,4847,5266
fa10-01-53,2011-05-05 14:15,1304572500,14,5,48,4903,5358
fa10-01-53,2011-05-05 16:05,1304579100,16,5,59,3012,3039
fa10-01-53,2011-05-05 16:23,1304580180,16,5,39,4898,5359
fa10-01-53,2011-05-05 16:34,1304580840,16,5,65,4914,5366
fa10-01-53,2011-05-05 17:06,1304582760,17,5,65,4897,5344
fa10-01-53,2011-05-05 17:39,1304584740,17,5,65,4899,5347
fa10-01-53,2011-05-05 18:20,1304587200,18,5,10,-10,-27
fa10-01-53,2011-05-05 18:42,1304588520,18,5,112,3,-49
fa10-01-53,2011-05-05 19:18,1304590680,19,5,20,35,5
fa10-01-53,2011-05-05 19:34,1304591640,19,5,18,-33,-30
fa10-01-53,2011-05-05 19:57,1304593020,19,5,72,-55,-62
fa10-01-53,2011-05-05 20:19,1304594340,20,5,112,37,-6
fa10-01-53,2011-05-05 20:54,1304596440,20,5,51,-85,-211
fa10-01-53,2011-05-05 21:15,1304597700,21,5,112,37,-6
fa10-01-53,2011-05-05 21:48,1304599680,21,5,112,37,-6
fa10-01-53,2011-05-05 22:21,1304601660,22,5,112,37,-6
fa10-01-53,2011-05-05 22:54,1304603640,22,5,112,37,-6
fa10-01-53,2011-05-05 23:27,1304605620,23,5,112,37,-6
fa10-01-53,2011-05-06 0:00,1304607600,0,6,112,37,-6
fa10-01-53,2011-05-06 0:33,1304609580,0,6,112,37,-6
fa10-01-53,2011-05-06 1:06,1304611560,1,6,112,37,-6
fa10-01-53,2011-05-06 1:39,1304613540,1,6,112,3,-49
fa10-01-53,2011-05-06 2:12,1304615520,2,6,112,37,-6
fa10-01-53,2011-05-06 2:45,1304617500,2,6,112,37,-6
fa10-01-53,2011-05-06 3:18,1304619480,3,6,112,37,-6
fa10-01-53,2011-05-06 3:51,1304621460,3,6,112,37,-6
fa10-01-53,2011-05-06 4:25,1304623500,4,6,91,26,-10
fa10-01-53,2011-05-06 4:57,1304625420,4,6,112,3,-49
fa10-01-53,2011-05-06 5:31,1304627460,5,6,91,26,-10
fa10-01-53,2011-05-06 6:03,1304629380,6,6,112,3,-49
fa10-01-53,2011-05-06 7:09,1304633340,7,6,99,-2,-56
fa10-01-53,2011-05-06 7:42,1304635320,7,6,99,-2,-56
fa10-01-53,2011-05-06 8:49,1304639340,8,6,99,16,-33
fa10-01-53,2011-05-06 9:21,1304641260,9,6,99,16,-33
fa10-01-53,2011-05-06 9:54,1304643240,9,6,99,-2,-56
fa10-01-53,2011-05-06 10:28,1304645280,10,6,60,4901,5367
fa10-01-53,2011-05-06 11:00,1304647200,11,6,65,4897,5345
fa10-01-53,2011-05-06 11:55,1304650500,11,6,80,4866,5303
fa10-01-53,2011-05-06 12:27,1304652420,12,6,61,3252,3143
fa10-01-53,2011-05-06 13:01,1304654460,13,6,40,4900,5340
fa10-01-53,2011-05-06 13:38,1304656680,13,6,60,4695,5059
fa10-01-53,2011-05-06 14:12,1304658720,14,6,60,4691,5052
fa10-01-53,2011-05-06 14:45,1304660700,14,6,60,4695,5059
fa10-01-53,2011-05-06 15:48,1304664480,15,6,45,4776,5149
fa10-01-53,2011-05-06 15:54,1304664840,15,6,47,4791,5166
fa10-01-53,2011-05-06 16:28,1304666880,16,6,72,4817,5187
fa10-01-53,2011-05-06 17:00,1304668800,17,6,43,4771,5139
fa10-01-53,2011-05-06 17:33,1304670780,17,6,41,4826,5216
fa10-01-53,2011-05-06 18:01,1304672460,18,6,90,73,59
fa10-01-53,2011-05-06 18:33,1304674380,18,6,78,22,-53
fa10-01-53,2011-05-06 19:07,1304676420,19,6,54,-24488,-30825
fa10-01-53,2011-05-07 3:15,1304705700,3,7,99,-2,-56
fa10-01-53,2011-05-07 3:48,1304707680,3,7,99,-2,-56
fa10-01-53,2011-05-07 4:21,1304709660,4,7,99,-2,-56
fa10-01-53,2011-05-07 4:54,1304711640,4,7,99,-2,-56
fa10-01-53,2011-05-07 5:27,1304713620,5,7,99,-2,-56
fa10-01-53,2011-05-07 6:00,1304715600,6,7,99,-2,-56
fa10-01-53,2011-05-07 13:26,1304742360,13,7,99,-2,-56
fa10-01-53,2011-05-07 13:59,1304744340,13,7,99,-2,-56
fa10-01-53,2011-05-07 14:32,1304746320,14,7,99,-2,-56
fa10-01-53,2011-05-07 15:05,1304748300,15,7,99,-2,-56
fa10-01-53,2011-05-07 15:39,1304750340,15,7,99,-2,-56
fa10-01-53,2011-05-07 16:11,1304752260,16,7,99,-2,-56
fa10-01-53,2011-05-07 16:45,1304754300,16,7,99,-2,-56
fa10-01-53,2011-05-07 17:17,1304756220,17,7,99,-2,-56
fa10-01-53,2011-05-07 17:51,1304758260,17,7,68,-1051,-6339
fa10-01-53,2011-05-07 18:17,1304759820,18,7,68,-1055,-6361
fa10-01-53,2011-05-07 18:42,1304761320,18,7,72,-1106,-6353
fa10-01-53,2011-05-07 19:44,1304765040,19,7,80,-29,-132
fa10-01-53,2011-05-07 20:10,1304766600,20,7,99,-2,-56
fa10-01-53,2011-05-07 22:21,1304774460,22,7,99,-2,-56
fa10-01-53,2011-05-07 22:56,1304776560,22,7,54,-59,-150
fa10-01-53,2011-05-07 23:21,1304778060,23,7,58,-79,-217
fa10-01-53,2011-05-07 23:46,1304779560,23,7,54,-60,-127
fa10-01-53,2011-05-08 0:13,1304781180,0,1,99,-2,-56
fa10-01-53,2011-05-08 0:48,1304783280,0,1,51,-65,-122
fa10-01-53,2011-05-08 1:13,1304784780,1,1,36,-52,-155
fa10-01-53,2011-05-08 1:41,1304786460,1,1,25,-64,-116
fa10-01-53,2011-05-08 2:05,1304787900,2,1,34,-6,-107
fa10-01-53,2011-05-08 2:32,1304789520,2,1,58,-75,-210
fa10-01-53,2011-05-08 3:34,1304793240,3,1,99,-53,-130
fa10-01-53,2011-05-08 4:00,1304794800,4,1,54,-68,-180
fa10-01-53,2011-05-08 4:27,1304796420,4,1,45,-76,-168
fa10-01-53,2011-05-08 5:29,1304800140,5,1,49,-29,-132
fa10-01-53,2011-05-08 5:55,1304801700,5,1,99,-50,-149
fa10-01-53,2011-05-08 6:20,1304803200,6,1,68,-62,-132
fa10-01-53,2011-05-08 6:46,1304804760,6,1,20,-45,-140
fa10-01-53,2011-05-08 7:14,1304806440,7,1,17,-89,-183
fa10-01-53,2011-05-08 7:40,1304808000,7,1,27,-51,-134
fa10-01-53,2011-05-08 8:05,1304809500,8,1,36,-24,-101
fa10-01-53,2011-05-08 8:32,1304811120,8,1,58,-60,-183
fa10-01-53,2011-05-08 8:56,1304812560,8,1,51,-68,-188
fa10-01-53,2011-05-08 9:24,1304814240,9,1,49,-138,-228
fa10-01-53,2011-05-08 9:46,1304815560,9,1,54,-109,-187
fa10-01-53,2011-05-08 10:14,1304817240,10,1,112,-1,-55
fa10-01-53,2011-05-08 10:30,1304818200,10,1,36,-1,-30
fa10-01-53,2011-05-08 10:50,1304819400,10,1,112,-1,-55
fa10-01-53,2011-05-08 11:30,1304821800,11,1,101,847,451
fa10-01-53,2011-05-08 12:03,1304823780,12,1,60,906,525
fa10-01-53,2011-05-08 12:35,1304825700,12,1,60,888,523
fa10-01-53,2011-05-08 13:08,1304827680,13,1,108,897,529
fa10-01-53,2011-05-08 13:41,1304829660,13,1,60,906,525
fa10-01-53,2011-05-08 14:14,1304831640,14,1,108,897,529
fa10-01-53,2011-05-08 14:49,1304833740,14,1,60,881,502
fa10-01-53,2011-05-08 14:51,1304833860,14,1,108,897,529
fa10-01-53,2011-05-08 16:04,1304838240,16,1,54,47,102
fa10-01-53,2011-05-08 16:25,1304839500,16,1,112,-1,-55
fa10-01-53,2011-05-08 17:00,1304841600,17,1,68,-61,-170
fa10-01-53,2011-05-08 17:22,1304842920,17,1,112,-1,-55
fa10-01-53,2011-05-08 17:55,1304844900,17,1,112,-1,-55
fa10-01-53,2011-05-08 18:27,1304846820,18,1,112,-1,-55
fa10-01-53,2011-05-08 19:33,1304850780,19,1,802,351,632
fa10-01-53,2011-05-08 20:07,1304852820,20,1,54,-35,-118
fa10-01-53,2011-05-08 20:30,1304854200,20,1,54,-36,-81
fa10-01-53,2011-05-08 20:54,1304855640,20,1,51,-92,-168
fa10-01-53,2011-05-08 21:16,1304856960,21,1,65,11,-116
fa10-01-53,2011-05-08 21:39,1304858340,21,1,34,-33,-67
fa10-01-53,2011-05-08 22:02,1304859720,22,1,58,-65,-152
fa10-01-53,2011-05-08 22:57,1304863020,22,1,849,214,-89
fa10-01-53,2011-05-09 2:19,1304875140,2,2,29,-36,-126
fa10-01-53,2011-05-09 2:44,1304876640,2,2,66,-63,-128
fa10-01-53,2011-05-09 3:11,1304878260,3,2,49,0,-104
fa10-01-53,2011-05-09 6:22,1304889720,6,2,58,-36,-134
fa10-01-53,2011-05-09 6:48,1304891280,6,2,54,62,-94
fa10-01-53,2011-05-09 7:11,1304892660,7,2,99,-4,-58
fa10-01-53,2011-05-09 7:46,1304894760,7,2,18,-152,-155
fa10-01-53,2011-05-09 8:09,1304896140,8,2,7,-1604,-2205
fa10-01-53,2011-05-09 9:03,1304899380,9,2,99,-4,-58
fa10-01-53,2011-05-09 9:36,1304901360,9,2,99,-4,-58
fa10-01-53,2011-05-09 11:34,1304908440,11,2,692,4753,4999
fa10-01-53,2011-05-09 12:07,1304910420,12,2,692,4753,4999
fa10-01-53,2011-05-09 14:10,1304917800,14,2,35,4895,5346
fa10-01-53,2011-05-09 14:42,1304919720,14,2,65,4886,5327
fa10-01-53,2011-05-09 15:09,1304921340,15,2,60,4995,5475
fa10-01-53,2011-05-09 18:47,1304934420,18,2,54,4745,5118
fa10-01-53,2011-05-09 19:09,1304935740,19,2,51,-60,-135
fa10-01-53,2011-05-09 19:35,1304937300,19,2,58,-58,-115
fa10-01-53,2011-05-09 20:14,1304939640,20,2,51,-14,-90
fa10-01-53,2011-05-09 20:37,1304941020,20,2,51,-36,-95
fa10-01-53,2011-05-09 21:01,1304942460,21,2,20,-66,-161
fa10-01-53,2011-05-09 21:24,1304943840,21,2,27,-17,-61
fa10-01-53,2011-05-09 21:46,1304945160,21,2,18,-64,-144
fa10-01-53,2011-05-09 22:09,1304946540,22,2,54,-7,-25
fa10-01-53,2011-05-09 22:33,1304947980,22,2,27,-27,-144
fa10-01-53,2011-05-09 22:55,1304949300,22,2,29,-16,-151
fa10-01-53,2011-05-09 23:17,1304950620,23,2,99,-4,-58
fa10-01-53,2011-05-09 23:50,1304952600,23,2,99,-4,-58
fa10-01-53,2011-05-10 0:23,1304954580,0,3,99,-4,-58
fa10-01-53,2011-05-10 0:56,1304956560,0,3,99,-4,-58
fa10-01-53,2011-05-10 1:31,1304958660,1,3,29,-53,-134
fa10-01-53,2011-05-10 1:53,1304959980,1,3,40,-45,-118
fa10-01-53,2011-05-10 2:15,1304961300,2,3,99,-4,-58
fa10-01-53,2011-05-10 2:49,1304963340,2,3,99,-4,-58
fa10-01-53,2011-05-10 3:21,1304965260,3,3,99,-4,-58
fa10-01-53,2011-05-10 3:54,1304967240,3,3,99,-4,-58
fa10-01-53,2011-05-10 4:27,1304969220,4,3,99,-4,-58
fa10-01-53,2011-05-10 5:00,1304971200,5,3,99,-4,-58
fa10-01-53,2011-05-10 5:33,1304973180,5,3,99,-4,-58
fa10-01-53,2011-05-10 6:06,1304975160,6,3,99,-4,-58
fa10-01-53,2011-05-10 6:39,1304977140,6,3,99,-4,-58
fa10-01-53,2011-05-10 7:12,1304979120,7,3,99,-4,-58
fa10-01-53,2011-05-10 7:45,1304981100,7,3,849,214,-89
fa10-01-53,2011-05-10 12:16,1304997360,12,3,99,10,-41
fa10-01-53,2011-05-10 12:49,1304999340,12,3,99,10,-41
fa10-01-53,2011-05-10 13:22,1305001320,13,3,99,10,-41
fa10-01-53,2011-05-10 13:55,1305003300,13,3,99,10,-41
fa10-01-53,2011-05-10 14:28,1305005280,14,3,99,-4,-58
fa10-01-53,2011-05-10 15:01,1305007260,15,3,99,-4,-58
fa10-01-53,2011-05-10 15:34,1305009240,15,3,99,-4,-58
fa10-01-53,2011-05-10 16:07,1305011220,16,3,99,10,-41
fa10-01-53,2011-05-10 16:49,1305013740,16,3,64,-55,-170
fa10-01-53,2011-05-10 17:26,1305015960,17,3,60,893,511
fa10-01-53,2011-05-10 17:59,1305017940,17,3,60,878,499
fa10-01-53,2011-05-10 18:32,1305019920,18,3,60,893,496
fa10-01-53,2011-05-10 19:05,1305021900,19,3,70,873,471
fa10-01-53,2011-05-10 19:39,1305023940,19,3,99,-4,-58
fa10-01-53,2011-05-10 20:11,1305025860,20,3,99,-4,-58
fa10-01-53,2011-05-10 20:44,1305027840,20,3,99,10,-41
fa10-01-53,2011-05-10 21:17,1305029820,21,3,99,10,-41
fa10-01-53,2011-05-10 21:50,1305031800,21,3,99,-4,-58
fa10-01-53,2011-05-11 0:02,1305039720,0,4,99,10,-41
fa10-01-53,2011-05-11 0:36,1305041760,0,4,99,-4,-58
fa10-01-53,2011-05-11 1:08,1305043680,1,4,99,-4,-58
fa10-01-53,2011-05-11 1:42,1305045720,1,4,99,10,-41
fa10-01-53,2011-05-11 2:14,1305047640,2,4,99,10,-41
fa10-01-53,2011-05-11 2:47,1305049620,2,4,99,10,-41
fa10-01-53,2011-05-11 3:20,1305051600,3,4,99,-4,-58
fa10-01-53,2011-05-11 3:54,1305053640,3,4,99,10,-41
fa10-01-53,2011-05-11 4:26,1305055560,4,4,99,10,-41
fa10-01-53,2011-05-11 5:00,1305057600,5,4,99,-4,-58
fa10-01-53,2011-05-11 6:12,1305061920,6,4,99,-4,-58
fa10-01-53,2011-05-11 6:45,1305063900,6,4,99,10,-41
fa10-01-53,2011-05-11 7:18,1305065880,7,4,99,-4,-58
fa10-01-53,2011-05-11 7:51,1305067860,7,4,99,-4,-58
fa10-01-53,2011-05-11 8:24,1305069840,8,4,849,214,-89
fa10-01-53,2011-05-11 8:58,1305071880,8,4,68,69,-12
fa10-01-53,2011-05-11 9:24,1305073440,9,4,66,-73,-175
fa10-01-53,2011-05-11 13:23,1305087780,13,4,47,4894,5306
fa10-01-53,2011-05-11 13:56,1305089760,13,4,65,4894,5337
fa10-01-53,2011-05-11 14:29,1305091740,14,4,65,4929,5386
fa10-01-53,2011-05-11 15:02,1305093720,15,4,65,4891,5341
fa10-01-53,2011-05-11 15:38,1305095880,15,4,65,4892,5339
fa10-01-53,2011-05-11 16:11,1305097860,16,4,43,4851,5295
fa10-01-53,2011-05-11 16:45,1305099900,16,4,65,4886,5330
fa10-01-53,2011-05-11 18:43,1305106980,18,4,53,4810,5266
fa10-01-53,2011-05-11 23:42,1305124920,23,4,99,-4,-58
fa10-01-53,2011-05-12 0:14,1305126840,0,5,99,10,-41
fa10-01-53,2011-05-12 0:47,1305128820,0,5,99,10,-41
fa10-01-53,2011-05-12 1:20,1305130800,1,5,99,10,-41
fa10-01-53,2011-05-12 1:53,1305132780,1,5,99,-4,-58
fa10-01-53,2011-05-12 2:26,1305134760,2,5,99,10,-41
fa10-01-53,2011-05-12 2:59,1305136740,2,5,99,10,-41
fa10-01-53,2011-05-12 3:33,1305138780,3,5,99,-4,-58
fa10-01-53,2011-05-12 4:05,1305140700,4,5,99,10,-41
fa10-01-53,2011-05-12 4:39,1305142740,4,5,99,-4,-58
fa10-01-53,2011-05-12 5:12,1305144720,5,5,99,10,-41
fa10-01-53,2011-05-12 5:45,1305146700,5,5,99,-4,-58
fa10-01-53,2011-05-12 6:18,1305148680,6,5,99,-4,-58
fa10-01-53,2011-05-12 6:51,1305150660,6,5,99,-4,-58
fa10-01-53,2011-05-12 7:24,1305152640,7,5,99,-4,-58
fa10-01-53,2011-05-12 7:58,1305154680,7,5,20,-39,-97
fa10-01-53,2011-05-12 8:56,1305158160,8,5,40,-44,-157
fa10-01-53,2011-05-12 9:22,1305159720,9,5,58,-50,-136
fa10-01-53,2011-05-12 9:47,1305161220,9,5,54,-49,-141
fa10-01-53,2011-05-12 10:47,1305164820,10,5,36,-111,-218
fa10-01-53,2011-05-12 11:11,1305166260,11,5,36,-75,-261
fa10-01-53,2011-05-12 11:35,1305167700,11,5,7,193,91
fa10-01-53,2011-05-12 12:10,1305169800,12,5,60,4386,4803
fa10-01-53,2011-05-12 12:42,1305171720,12,5,60,4388,4793
fa10-01-53,2011-05-12 13:16,1305173760,13,5,60,4373,4780
fa10-01-53,2011-05-12 13:48,1305175680,13,5,60,4388,4793
fa10-01-53,2011-05-12 14:25,1305177900,14,5,60,4388,4793
fa10-01-53,2011-05-12 15:02,1305180120,15,5,36,3522,3863
fa10-01-53,2011-05-12 19:56,1305197760,19,5,99,8,-43
fa10-01-53,2011-05-12 20:29,1305199740,20,5,99,8,-43
fa10-01-53,2011-05-12 21:02,1305201720,21,5,99,-4,-58
fa10-01-53,2011-05-12 21:37,1305203820,21,5,49,-69,-139
fa10-01-53,2011-05-12 22:00,1305205200,22,5,14,-58,-150
fa10-01-53,2011-05-12 22:22,1305206520,22,5,51,42,-52
fa10-01-53,2011-05-12 23:51,1305211860,23,5,99,8,-43
fa10-01-53,2011-05-13 1:30,1305217800,1,6,99,-4,-58
fa10-01-53,2011-05-13 2:04,1305219840,2,6,849,214,-89
fa10-01-53,2011-05-13 5:55,1305233700,5,6,99,8,-43
fa10-01-53,2011-05-13 7:00,1305237600,7,6,99,-4,-58
fa10-01-53,2011-05-13 7:35,1305239700,7,6,99,8,-43
fa10-01-53,2011-05-13 12:35,1305257700,12,6,65,4902,5353
fa10-01-53,2011-05-13 13:07,1305259620,13,6,60,4693,5061
fa10-01-53,2011-05-13 14:13,1305263580,14,6,60,4687,5056
fa10-01-53,2011-05-13 14:46,1305265560,14,6,65,4854,5300
fa10-01-53,2011-05-13 15:23,1305267780,15,6,60,4848,5302
fa10-01-53,2011-05-13 15:59,1305269940,15,6,60,4875,5343
fa10-01-53,2011-05-13 16:34,1305272040,16,6,60,4880,5337
fa10-01-53,2011-05-13 17:08,1305274080,17,6,65,4902,5364
fa10-01-53,2011-05-13 17:40,1305276000,17,6,849,214,-89
fa10-01-53,2011-05-13 18:13,1305277980,18,6,60,32,-21
fa10-01-53,2011-05-13 18:46,1305279960,18,6,60,28,-25
fa10-01-53,2011-05-13 19:22,1305282120,19,6,33,8,-61
fa10-01-53,2011-05-13 19:46,1305283560,19,6,99,10,-41
fa10-01-53,2011-05-13 20:19,1305285540,20,6,99,8,-43
fa10-01-53,2011-05-13 21:25,1305289500,21,6,99,-4,-58
fa10-01-53,2011-05-13 21:58,1305291480,21,6,99,-4,-58
fa10-01-53,2011-05-13 22:31,1305293460,22,6,99,-4,-58
fa10-01-53,2011-05-13 23:04,1305295440,23,6,99,-4,-58
fa10-01-53,2011-05-13 23:37,1305297420,23,6,99,10,-41
fa10-01-53,2011-05-14 0:10,1305299400,0,7,99,17,-31
fa10-01-53,2011-05-14 15:17,1305353820,15,7,99,17,-31
fa10-01-53,2011-05-14 15:49,1305355740,15,7,99,8,-43
fa10-01-53,2011-05-14 16:22,1305357720,16,7,99,17,-31
fa10-01-53,2011-05-14 16:56,1305359760,16,7,111,33,-7
fa10-01-53,2011-05-14 20:18,1305371880,20,7,99,17,-31
fa10-01-53,2011-05-14 20:49,1305373740,20,7,99,8,-43
fa10-01-53,2011-05-16 10:05,1305507900,10,2,49,-5844263,-5285273
fa10-01-53,2011-05-16 10:27,1305509220,10,2,706,3756,3429
fa10-01-53,2011-05-16 11:33,1305513180,11,2,692,4753,4999
fa10-01-53,2011-05-16 13:19,1305519540,13,2,692,4753,4999
fa10-01-53,2011-05-16 13:54,1305521640,13,2,692,4753,4999
fa10-01-53,2011-05-16 14:19,1305523140,14,2,65,4904,5340
fa10-01-53,2011-05-16 14:52,1305525120,14,2,65,4894,5332
fa10-01-53,2011-05-16 15:24,1305527040,15,2,40,4906,5335
fa10-01-53,2011-05-16 15:58,1305529080,15,2,38,4923,5370
fa10-01-53,2011-05-16 16:33,1305531180,16,2,65,4913,5352
fa10-01-53,2011-05-16 16:56,1305532560,16,2,65,4875,5326
fa10-01-53,2011-05-16 17:30,1305534600,17,2,65,4912,5350
fa10-01-53,2011-05-16 17:43,1305535380,17,2,65,4899,5344
fa10-01-53,2011-05-16 18:19,1305537540,18,2,65,4888,5328
fa10-01-53,2011-05-16 18:36,1305538560,18,2,65,4887,5321
fa10-01-53,2011-05-16 19:09,1305540540,19,2,65,4902,5345
fa10-01-53,2011-05-16 20:59,1305547140,20,2,99,-4,-58
fa10-01-53,2011-05-16 21:32,1305549120,21,2,99,-4,-58
fa10-01-53,2011-05-17 7:27,1305584820,7,3,99,-4,-58
fa10-01-53,2011-05-17 8:01,1305586860,8,3,99,-4,-58
fa10-01-53,2011-05-17 8:33,1305588780,8,3,99,-4,-58
fa10-01-53,2011-05-17 9:06,1305590760,9,3,99,-4,-58
fa10-01-53,2011-05-17 11:51,1305600660,11,3,65,4915,5348
fa10-01-53,2011-05-17 15:13,1305612780,15,3,65,4900,5347
fa10-01-53,2011-05-17 15:45,1305614700,15,3,65,4888,5328
fa10-01-53,2011-05-17 16:18,1305616680,16,3,70,4899,5329
fa10-01-53,2011-05-17 16:51,1305618660,16,3,70,4891,5331
fa10-01-53,2011-05-17 17:25,1305620700,17,3,70,4888,5323
fa10-01-53,2011-05-17 17:55,1305622500,17,3,31,4903,5350
fa10-01-53,2011-05-17 18:28,1305624480,18,3,65,4900,5347
fa10-01-53,2011-05-17 18:45,1305625500,18,3,65,4877,5322
fa10-01-53,2011-05-17 19:18,1305627480,19,3,60,4861,5318
fa10-01-53,2011-05-17 20:07,1305630420,20,3,99,-4,-58
fa10-01-53,2011-05-17 20:41,1305632460,20,3,99,-4,-58
fa10-01-53,2011-05-18 7:07,1305670020,7,4,99,-4,-58
fa10-01-53,2011-05-18 7:40,1305672000,7,4,99,-4,-58
fa10-01-53,2011-05-18 11:56,1305687360,11,4,99,-4,-58
fa10-01-53,2011-05-18 12:29,1305689340,12,4,99,-4,-58
fa10-01-53,2011-05-18 13:02,1305691320,13,4,99,-4,-58
fa10-01-53,2011-05-18 13:35,1305693300,13,4,99,10,-41
fa10-01-53,2011-05-18 14:08,1305695280,14,4,99,10,-41
fa10-01-53,2011-05-18 14:41,1305697260,14,4,99,10,-41
fa10-01-53,2011-05-18 15:15,1305699300,15,4,99,10,-41
fa10-01-53,2011-05-18 15:47,1305701220,15,4,111,26,-36
fa10-01-53,2011-05-18 16:11,1305702660,16,4,80,1079,-199
fa10-01-53,2011-05-18 16:36,1305704160,16,4,7,1046,-382
fa10-01-53,2011-05-18 17:30,1305707400,17,4,20,1024,-273
fa10-01-53,2011-05-18 17:54,1305708840,17,4,14,935,-521
fa10-01-53,2011-05-18 18:18,1305710280,18,4,7,2255,2325
fa10-01-53,2011-05-18 18:39,1305711540,18,4,99,-4,-58
fa10-01-53,2011-05-18 19:12,1305713520,19,4,99,10,-41
fa10-01-53,2011-05-18 19:46,1305715560,19,4,99,-4,-58
fa10-01-53,2011-05-18 20:55,1305719700,20,4,99,-4,-58
fa10-01-53,2011-05-19 7:08,1305756480,7,5,54,-113,-200
fa10-01-53,2011-05-19 7:31,1305757860,7,5,29,-46,-132
fa10-01-53,2011-05-19 7:57,1305759420,7,5,20,-28,-120
fa10-01-53,2011-05-19 8:23,1305760980,8,5,25,-43,-114
fa10-01-53,2011-05-19 8:49,1305762540,8,5,18,-58,-167
fa10-01-53,2011-05-19 9:13,1305763980,9,5,25,-37,-114
fa10-01-53,2011-05-19 9:38,1305765480,9,5,20,-60,-141
fa10-01-53,2011-05-19 10:05,1305767100,10,5,54,-22,-93
fa10-01-53,2011-05-19 10:31,1305768660,10,5,185,240,265
fa10-01-53,2011-05-19 11:04,1305770640,11,5,99,10,-41
fa10-01-53,2011-05-19 11:36,1305772560,11,5,99,-4,-58
fa10-01-53,2011-05-19 12:11,1305774660,12,5,10,-1865,-3662
fa10-01-53,2011-05-19 14:16,1305782160,14,5,185,240,265
fa10-01-53,2011-05-19 14:49,1305784140,14,5,142,-4,-64
fa10-01-53,2011-05-19 15:22,1305786120,15,5,99,-4,-58
fa10-01-53,2011-05-19 15:55,1305788100,15,5,99,-4,-58
fa10-01-53,2011-05-19 16:29,1305790140,16,5,99,-4,-58
fa10-01-53,2011-05-19 17:01,1305792060,17,5,99,-4,-58
fa10-01-53,2011-05-19 17:35,1305794100,17,5,99,10,-41
fa10-01-53,2011-05-19 18:07,1305796020,18,5,99,10,-41
fa10-01-53,2011-05-19 18:40,1305798000,18,5,99,-4,-58
fa10-01-53,2011-05-19 22:44,1305812640,22,5,99,10,-41
fa10-01-53,2011-05-19 23:16,1305814560,23,5,99,10,-41
fa10-01-53,2011-05-19 23:49,1305816540,23,5,99,10,-41
fa10-01-53,2011-05-20 0:22,1305818520,0,6,99,10,-41
fa10-01-53,2011-05-20 0:56,1305820560,0,6,36,-25,-121
fa10-01-53,2011-05-20 1:18,1305821880,1,6,34,-28,-106
fa10-01-53,2011-05-20 1:42,1305823320,1,6,99,-4,-58
fa10-01-53,2011-05-20 2:15,1305825300,2,6,99,10,-41
fa10-01-53,2011-05-20 2:48,1305827280,2,6,99,10,-41
fa10-01-53,2011-05-20 3:20,1305829200,3,6,99,-4,-58
fa10-01-53,2011-05-20 3:54,1305831240,3,6,23,-109,-134
fa10-01-53,2011-05-20 4:16,1305832560,4,6,54,22,-33
fa10-01-53,2011-05-20 4:39,1305833940,4,6,99,10,-41
fa10-01-53,2011-05-20 5:13,1305835980,5,6,99,-4,-58
fa10-01-53,2011-05-20 5:45,1305837900,5,6,99,10,-41
fa10-01-53,2011-05-20 6:19,1305839940,6,6,99,10,-41
fa10-01-53,2011-05-20 6:51,1305841860,6,6,99,10,-41
fa10-01-53,2011-05-20 7:24,1305843840,7,6,17,-68,-159
fa10-01-53,2011-05-20 7:47,1305845220,7,6,58,-39,-135
fa10-01-53,2011-05-20 8:15,1305846900,8,6,25,-29,-104
fa10-01-53,2011-05-20 8:40,1305848400,8,6,40,-74,-145
fa10-01-53,2011-05-20 9:06,1305849960,9,6,34,-155,-318
fa10-01-53,2011-05-20 9:32,1305851520,9,6,66,1,-123
fa10-01-53,2011-05-20 9:59,1305853140,9,6,10,-376,-472
fa10-01-53,2011-05-20 10:22,1305854520,10,6,60,4922,5367
fa10-01-53,2011-05-20 12:44,1305863040,12,6,60,4921,5359
fa10-01-53,2011-05-20 13:08,1305864480,13,6,46,4890,5338
fa10-01-53,2011-05-20 13:40,1305866400,13,6,86,4864,5295
fa10-01-53,2011-05-20 14:12,1305868320,14,6,60,4952,5424
fa10-01-53,2011-05-20 14:45,1305870300,14,6,60,4913,5367
fa10-01-53,2011-05-20 15:18,1305872280,15,6,810,6253,7253
fa10-01-53,2011-05-20 15:53,1305874380,15,6,81,4878,5310
fa10-01-53,2011-05-20 15:55,1305874500,15,6,41,4881,5317
fa10-01-53,2011-05-20 16:15,1305875700,16,6,41,4881,5317
fa10-01-53,2011-05-20 16:49,1305877740,16,6,60,4924,5378
fa10-01-53,2011-05-20 17:23,1305879780,17,6,13,142,276
fa10-01-53,2011-05-20 17:48,1305881280,17,6,7,-27,-78
fa10-01-53,2011-05-20 18:13,1305882780,18,6,10,1,-40
fa10-01-53,2011-05-20 18:36,1305884160,18,6,14,31,8
fa10-01-53,2011-05-20 19:01,1305885660,19,6,7,11,-61
fa10-01-53,2011-05-20 19:25,1305887100,19,6,14,-13,-60
fa10-01-53,2011-05-20 19:47,1305888420,19,6,13,-1,-49
fa10-01-53,2011-05-20 19:57,1305889020,19,6,68,-66,-138
fa10-01-53,2011-05-20 20:20,1305890400,20,6,65,-3,-93
fa10-01-53,2011-05-20 20:43,1305891780,20,6,34,18,-68
fa10-01-53,2011-05-20 21:06,1305893160,21,6,58,-51,-121
fa10-01-53,2011-05-20 21:29,1305894540,21,6,29,-7,-87
fa10-01-53,2011-05-20 21:52,1305895920,21,6,45,-45,-122
fa10-01-53,2011-05-20 22:15,1305897300,22,6,29,-46,-147
fa10-01-53,2011-05-20 22:39,1305898740,22,6,27,-21,-95
fa10-01-53,2011-05-20 23:01,1305900060,23,6,36,-58,-166
fa10-01-53,2011-05-20 23:24,1305901440,23,6,51,-31,-132
fa10-01-53,2011-05-20 23:47,1305902820,23,6,33,-75,-180
fa10-01-53,2011-05-21 0:10,1305904200,0,7,54,-57,-153
fa10-01-53,2011-05-21 0:34,1305905640,0,7,58,-80,-132
fa10-01-53,2011-05-21 0:57,1305907020,0,7,17,33,-58
fa10-01-53,2011-05-21 1:20,1305908400,1,7,195,27,26
fa10-01-53,2011-05-21 1:43,1305909780,1,7,25,-86,-167
fa10-01-53,2011-05-21 2:05,1305911100,2,7,72,-43,-130
fa10-01-53,2011-05-21 2:28,1305912480,2,7,58,-95,-183
fa10-01-53,2011-05-21 2:51,1305913860,2,7,20,-70,-119
fa10-01-53,2011-05-21 3:15,1305915300,3,7,18,-44,-98
fa10-01-53,2011-05-21 3:39,1305916740,3,7,17,-25,-139
fa10-01-53,2011-05-21 4:01,1305918060,4,7,29,-154,-212
fa10-01-53,2011-05-21 4:24,1305919440,4,7,18,-90,-151
fa10-01-53,2011-05-21 5:19,1305922740,5,7,54,-40,-89
fa10-01-53,2011-05-21 5:42,1305924120,5,7,34,-40,-126
fa10-01-53,2011-05-21 6:05,1305925500,6,7,29,-48,-128
fa10-01-53,2011-05-21 6:28,1305926880,6,7,72,-11,-66
fa10-01-53,2011-05-21 6:52,1305928320,6,7,27,-72,-133
fa10-01-53,2011-05-21 7:14,1305929640,7,7,58,-46,-125
fa10-01-53,2011-05-21 7:38,1305931080,7,7,68,-32,-126
fa10-01-53,2011-05-21 8:00,1305932400,8,7,40,-24,-97
fa10-01-53,2011-05-21 8:23,1305933780,8,7,25,-60,-140
fa10-01-53,2011-05-21 8:47,1305935220,8,7,13,-24,-110
fa10-01-53,2011-05-21 9:09,1305936540,9,7,45,-93,-161
fa10-01-53,2011-05-21 9:32,1305937920,9,7,36,-33,-106
fa10-01-53,2011-05-21 9:55,1305939300,9,7,34,-25,-94
fa10-01-53,2011-05-21 10:19,1305940740,10,7,97,-59,-157
fa10-01-53,2011-05-21 10:41,1305942060,10,7,10,-20,48
fa10-01-53,2011-05-21 11:04,1305943440,11,7,18,-57,-135
fa10-01-53,2011-05-21 11:31,1305945060,11,7,45,-66,-172
fa10-01-53,2011-05-21 11:57,1305946620,11,7,27,-64,-87
fa10-01-53,2011-05-21 12:24,1305948240,12,7,68,-40,-123
fa10-01-53,2011-05-21 12:50,1305949800,12,7,51,-73,-137
fa10-01-53,2011-05-21 13:16,1305951360,13,7,45,-80,-171
fa10-01-53,2011-05-21 14:51,1305957060,14,7,54,-47,-134
fa10-01-53,2011-05-21 15:14,1305958440,15,7,51,-15,-85
fa10-01-53,2011-05-21 17:55,1305968100,17,7,802,351,632
fa10-01-53,2011-05-21 19:04,1305972240,19,7,98,-1,-56
fa10-01-53,2011-05-21 19:36,1305974160,19,7,98,-1,-56
fa10-01-53,2011-05-21 20:09,1305976140,20,7,98,-1,-56
fa10-01-53,2011-05-21 21:16,1305980160,21,7,98,0,-51
fa10-01-53,2011-05-21 22:52,1305985920,22,7,98,-1,-56
fa10-01-53,2011-05-21 23:25,1305987900,23,7,98,-1,-56
fa10-01-53,2011-05-21 23:58,1305989880,23,7,98,-1,-56
fa10-01-53,2011-05-22 0:31,1305991860,0,1,98,-1,-56
fa10-01-53,2011-05-22 1:04,1305993840,1,1,98,-1,-56
fa10-01-53,2011-05-22 1:37,1305995820,1,1,98,0,-46
fa10-01-53,2011-05-22 2:10,1305997800,2,1,98,-1,-56
fa10-01-53,2011-05-22 2:43,1305999780,2,1,98,-1,-56
fa10-01-53,2011-05-22 3:16,1306001760,3,1,98,-1,-56
fa10-01-53,2011-05-22 3:49,1306003740,3,1,98,-1,-56
fa10-01-53,2011-05-22 4:22,1306005720,4,1,98,-1,-56
fa10-01-53,2011-05-22 4:55,1306007700,4,1,98,-1,-56
fa10-01-53,2011-05-22 5:28,1306009680,5,1,98,-1,-56
fa10-01-53,2011-05-22 6:01,1306011660,6,1,98,-1,-56
fa10-01-53,2011-05-22 6:34,1306013640,6,1,98,-1,-56
fa10-01-53,2011-05-22 7:07,1306015620,7,1,98,-1,-56
fa10-01-53,2011-05-22 7:40,1306017600,7,1,98,-1,-56
fa10-01-53,2011-05-22 8:13,1306019580,8,1,98,-1,-56
fa10-01-53,2011-05-22 8:46,1306021560,8,1,98,-1,-56
fa10-01-53,2011-05-22 9:19,1306023540,9,1,98,-1,-56
fa10-01-53,2011-05-22 9:52,1306025520,9,1,98,-1,-56
fa10-01-53,2011-05-22 10:25,1306027500,10,1,98,-1,-56
fa10-01-53,2011-05-22 12:04,1306033440,12,1,98,-1,-56
fa10-01-53,2011-05-22 12:37,1306035420,12,1,802,351,632
fa10-01-53,2011-05-22 14:17,1306041420,14,1,98,-1,-56
fa10-01-53,2011-05-22 14:50,1306043400,14,1,10,2795,3076
fa10-01-53,2011-05-22 15:14,1306044840,15,1,8,3635,3803
fa10-01-53,2011-05-22 15:37,1306046220,15,1,13,8371,11046
fa10-01-53,2011-05-22 16:00,1306047600,16,1,14,8761,11264
fa10-01-53,2011-05-22 16:21,1306048860,16,1,20,9486,12067
fa10-01-53,2011-05-22 16:38,1306049880,16,1,18,10228,12756
fa10-01-53,2011-05-23 2:51,1306086660,2,2,98,-1,-56
fa10-01-53,2011-05-23 3:23,1306088580,3,2,98,-1,-56
fa10-01-53,2011-05-23 3:56,1306090560,3,2,98,-1,-56
fa10-01-53,2011-05-23 4:29,1306092540,4,2,98,-1,-56
fa10-01-53,2011-05-23 5:02,1306094520,5,2,98,-1,-56
fa10-01-53,2011-05-23 5:36,1306096560,5,2,98,-1,-56
fa10-01-53,2011-05-23 6:08,1306098480,6,2,98,-1,-54
fa10-01-53,2011-05-23 6:41,1306100460,6,2,98,-1,-56
fa10-01-53,2011-05-23 7:15,1306102500,7,2,25,-46,-144
fa10-01-53,2011-05-23 7:38,1306103880,7,2,33,-39,-136
fa10-01-53,2011-05-23 7:45,1306104300,7,2,98,-1,-56
fa10-01-53,2011-05-23 8:51,1306108260,8,2,98,-1,-56
fa10-01-53,2011-05-23 9:26,1306110360,9,2,80,-13,-102
fa10-01-53,2011-05-23 9:50,1306111800,9,2,98,-1,-56
fa10-01-53,2011-05-23 10:23,1306113780,10,2,98,-1,-56
fa10-01-53,2011-05-23 10:56,1306115760,10,2,98,-1,-56
fa10-01-53,2011-05-23 11:30,1306117800,11,2,98,-1,-56
fa10-01-53,2011-05-23 12:02,1306119720,12,2,98,-1,-56
fa10-01-53,2011-05-23 12:35,1306121700,12,2,98,-1,-56
fa10-01-53,2011-05-23 13:09,1306123740,13,2,849,214,-89
fa10-01-53,2011-05-23 13:41,1306125660,13,2,98,-1,-56
fa10-01-53,2011-05-23 14:15,1306127700,14,2,98,-1,-56
fa10-01-53,2011-05-23 14:48,1306129680,14,2,98,-1,-56
fa10-01-53,2011-05-23 15:21,1306131660,15,2,98,22,-42
fa10-01-53,2011-05-23 16:29,1306135740,16,2,14,-164,61
fa10-01-53,2011-05-23 16:52,1306137120,16,2,101,69,25
fa10-01-53,2011-05-23 17:49,1306140540,17,2,98,-1,-56
fa10-01-53,2011-05-23 18:23,1306142580,18,2,98,-1,-56
fa10-01-53,2011-05-23 19:48,1306147680,19,2,98,-1,-56
fa10-01-53,2011-05-23 20:21,1306149660,20,2,98,16,-34
fa10-01-53,2011-05-23 21:29,1306153740,21,2,137,-157,-222
fa10-01-53,2011-05-24 0:03,1306162980,0,3,582,100,76
fa10-01-53,2011-05-24 1:10,1306167000,1,3,582,100,76
fa10-01-53,2011-05-24 2:14,1306170840,2,3,582,100,76
fa10-01-53,2011-05-24 2:49,1306172940,2,3,582,100,76
fa10-01-53,2011-05-24 3:21,1306174860,3,3,49,-21,-131
fa10-01-53,2011-05-24 3:44,1306176240,3,3,25,-53,-82
fa10-01-53,2011-05-24 4:07,1306177620,4,3,54,-55,-177
fa10-01-53,2011-05-24 4:30,1306179000,4,3,54,-31,-85
fa10-01-53,2011-05-24 5:26,1306182360,5,3,66,-24,-100
fa10-01-53,2011-05-24 7:29,1306189740,7,3,40,-43,-135
fa10-01-53,2011-05-24 7:54,1306191240,7,3,115,73,-115
fa10-01-53,2011-05-24 8:49,1306194540,8,3,98,-1,-56
fa10-01-53,2011-05-24 9:22,1306196520,9,3,98,-1,-56
fa10-01-53,2011-05-24 9:55,1306198500,9,3,98,-1,-56
fa10-01-53,2011-05-24 10:28,1306200480,10,3,98,-1,-56
fa10-01-53,2011-05-24 11:01,1306202460,11,3,98,-1,-56
fa10-01-53,2011-05-24 11:34,1306204440,11,3,98,16,-34
fa10-01-53,2011-05-24 12:09,1306206540,12,3,9,2708,2456
fa10-01-53,2011-05-24 12:23,1306207380,12,3,51,3850,3812
fa10-01-53,2011-05-24 12:46,1306208760,12,3,60,3944,3899
fa10-01-53,2011-05-24 13:20,1306210800,13,3,60,3920,3864
fa10-01-53,2011-05-24 13:56,1306212960,13,3,9,4550,4950
fa10-01-53,2011-05-24 14:17,1306214220,14,3,49,4903,5337
fa10-01-53,2011-05-24 14:50,1306216200,14,3,41,4884,5316
fa10-01-53,2011-05-24 15:27,1306218420,15,3,54,4873,5306
fa10-01-53,2011-05-24 16:00,1306220400,16,3,46,4844,5261
fa10-01-53,2011-05-24 16:34,1306222440,16,3,41,4880,5302
fa10-01-53,2011-05-24 17:07,1306224420,17,3,39,4894,5327
fa10-01-53,2011-05-24 17:39,1306226340,17,3,654,5031,5408
fa10-01-53,2011-05-24 18:16,1306228560,18,3,50,4881,5315
fa10-01-53,2011-05-24 18:33,1306229580,18,3,10,4462,4854
fa10-01-53,2011-05-24 19:08,1306231680,19,3,195,-111,-345
fa10-01-53,2011-05-24 23:12,1306246320,23,3,98,-1,-56
fa10-01-53,2011-05-24 23:44,1306248240,23,3,98,-1,-56
fa10-01-53,2011-05-25 0:17,1306250220,0,4,98,16,-34
fa10-01-53,2011-05-25 3:03,1306260180,3,4,20,-62,-139
fa10-01-53,2011-05-25 3:27,1306261620,3,4,25,-56,-93
fa10-01-53,2011-05-25 3:49,1306262940,3,4,40,-34,-108
fa10-01-53,2011-05-25 4:12,1306264320,4,4,17,-29,-92
fa10-01-53,2011-05-25 4:36,1306265760,4,4,49,-104,-113
fa10-01-53,2011-05-25 4:58,1306267080,4,4,54,-25,-138
fa10-01-53,2011-05-25 5:22,1306268520,5,4,20,1,-75
fa10-01-53,2011-05-25 5:44,1306269840,5,4,40,-38,-87
fa10-01-53,2011-05-25 6:07,1306271220,6,4,40,-24,-86
fa10-01-53,2011-05-25 6:32,1306272720,6,4,58,-67,-156
fa10-01-53,2011-05-25 6:54,1306274040,6,4,98,16,-34
fa10-01-53,2011-05-25 7:27,1306276020,7,4,98,16,-34
fa10-01-53,2011-05-25 8:00,1306278000,8,4,98,-1,-56
fa10-01-53,2011-05-25 8:35,1306280100,8,4,4,-1526,-2027
fa10-01-53,2011-05-25 8:58,1306281480,8,4,54,-101,-196
fa10-01-53,2011-05-25 9:20,1306282800,9,4,29,-27,-117
fa10-01-53,2011-05-25 9:42,1306284120,9,4,98,16,-34
fa10-01-53,2011-05-25 12:21,1306293660,12,4,94,4839,5253
fa10-01-53,2011-05-25 12:53,1306295580,12,4,60,4833,5274
fa10-01-53,2011-05-25 13:07,1306296420,13,4,75,4845,5271
fa10-01-53,2011-05-25 13:39,1306298340,13,4,60,4842,5278
fa10-01-53,2011-05-25 14:12,1306300320,14,4,44,4842,5279
fa10-01-53,2011-05-25 14:45,1306302300,14,4,43,4850,5281
fa10-01-53,2011-05-25 15:18,1306304280,15,4,94,4854,5274
fa10-01-53,2011-05-25 15:51,1306306260,15,4,60,4842,5278
fa10-01-53,2011-05-25 16:25,1306308300,16,4,60,4842,5278
fa10-01-53,2011-05-25 17:02,1306310520,17,4,22,4583,4715
fa10-01-53,2011-05-25 18:40,1306316400,18,4,8,-1833,-2836
fa10-01-53,2011-05-25 19:03,1306317780,19,4,10,-2010,-3162
fa10-01-53,2011-05-25 19:25,1306319100,19,4,34,182,171
fa10-01-53,2011-05-25 19:48,1306320480,19,4,10,-11,-69
fa10-01-53,2011-05-25 20:11,1306321860,20,4,7,-22,-64
fa10-01-53,2011-05-25 20:34,1306323240,20,4,9,8,-50
fa10-01-53,2011-05-25 20:57,1306324620,20,4,14,-10,-52
fa10-01-53,2011-05-25 21:20,1306326000,21,4,8,13,-34
fa10-01-53,2011-05-25 21:57,1306328220,21,4,27,-68,-149
fa10-01-53,2011-05-25 22:20,1306329600,22,4,58,-63,-156
fa10-01-53,2011-05-25 22:42,1306330920,22,4,98,-1,-56
fa10-01-53,2011-05-25 23:15,1306332900,23,4,98,-1,-56
fa10-01-53,2011-05-25 23:48,1306334880,23,4,98,-1,-56
fa10-01-53,2011-05-26 0:22,1306336920,0,5,51,-129,-219
fa10-01-53,2011-05-26 0:46,1306338360,0,5,20,-45,-130
fa10-01-53,2011-05-26 1:08,1306339680,1,5,29,-66,-140
fa10-01-53,2011-05-26 1:30,1306341000,1,5,98,-1,-56
fa10-01-53,2011-05-26 2:05,1306343100,2,5,13,-87,-164
fa10-01-53,2011-05-26 2:28,1306344480,2,5,51,-52,-183
fa10-01-53,2011-05-26 2:51,1306345860,2,5,34,-33,-90
fa10-01-53,2011-05-26 3:13,1306347180,3,5,27,-62,-162
fa10-01-53,2011-05-26 3:37,1306348620,3,5,54,-60,-157
fa10-01-53,2011-05-26 3:58,1306349880,3,5,98,-1,-56
fa10-01-53,2011-05-26 4:31,1306351860,4,5,98,-1,-56
fa10-01-53,2011-05-26 5:04,1306353840,5,5,98,-1,-56
fa10-01-53,2011-05-26 5:37,1306355820,5,5,98,-1,-56
fa10-01-53,2011-05-26 6:10,1306357800,6,5,98,-1,-56
fa10-01-53,2011-05-26 6:43,1306359780,6,5,98,-1,-56
fa10-01-53,2011-05-26 7:16,1306361760,7,5,98,-1,-56
fa10-01-53,2011-05-26 7:50,1306363800,7,5,66,-54,-145
fa10-01-53,2011-05-26 8:15,1306365300,8,5,54,-79,-142
fa10-01-53,2011-05-26 8:42,1306366920,8,5,14,-91,-186
fa10-01-53,2011-05-26 9:09,1306368540,9,5,849,214,-89
fa10-01-53,2011-05-26 9:42,1306370520,9,5,25,2888,2723
fa10-01-53,2011-05-26 10:09,1306372140,10,5,9,4027,4317
fa10-01-53,2011-05-26 10:31,1306373460,10,5,75,4846,5273
fa10-01-53,2011-05-26 12:10,1306379400,12,5,94,4839,5253
fa10-01-53,2011-05-26 17:15,1306397700,17,5,60,4868,5325
fa10-01-53,2011-05-26 17:48,1306399680,17,5,20,4526,4921
fa10-01-53,2011-05-26 18:01,1306400460,18,5,54,606,396
fa10-01-53,2011-05-26 20:46,1306410360,20,5,7,-1501,-5549
fa10-01-53,2011-05-26 21:43,1306413780,21,5,8,-1902,-3960
fa10-01-53,2011-05-27 1:51,1306428660,1,6,54,-174,-296
fa10-01-53,2011-05-27 2:13,1306429980,2,6,54,-80,-195
fa10-01-53,2011-05-27 2:36,1306431360,2,6,40,-79,-172
fa10-01-53,2011-05-27 2:59,1306432740,2,6,54,-31,-131
fa10-01-53,2011-05-27 3:23,1306434180,3,6,51,-7,-24
fa10-01-53,2011-05-27 4:19,1306437540,4,6,68,-46,-12
fa10-01-53,2011-05-27 6:22,1306444920,6,6,17,-30,-107
fa10-01-53,2011-05-27 6:45,1306446300,6,6,27,-59,-89
fa10-01-53,2011-05-27 7:06,1306447560,7,6,40,-108,-204
fa10-01-53,2011-05-27 7:14,1306448040,7,6,25,-44,-141
fa10-01-53,2011-05-27 7:37,1306449420,7,6,34,-27,-81
fa10-01-53,2011-05-27 8:03,1306450980,8,6,34,-40,-128
fa10-01-53,2011-05-27 8:26,1306452360,8,6,51,-13,-105
fa10-01-53,2011-05-27 8:49,1306453740,8,6,58,-40,-109
fa10-01-53,2011-05-27 9:15,1306455300,9,6,25,-34,-136
fa10-01-53,2011-05-27 9:37,1306456620,9,6,17,-48,-136
fa10-01-53,2011-05-27 10:04,1306458240,10,6,29,-80,-138
fa10-01-53,2011-05-27 11:00,1306461600,11,6,34,-108,-217
fa10-01-53,2011-05-27 12:29,1306466940,12,6,41,4881,5317
fa10-01-53,2011-05-27 15:26,1306477560,15,6,741,6186,7150
fa10-01-53,2011-05-27 15:41,1306478460,15,6,60,4929,5386
fa10-01-53,2011-05-27 16:14,1306480440,16,6,70,4882,5316
fa10-01-53,2011-05-27 16:48,1306482480,16,6,12,2701,2161
fa10-01-53,2011-05-27 17:14,1306484040,17,6,10,1401,488
fa10-01-53,2011-05-27 17:30,1306485000,17,6,58,-36,-109
fa10-01-53,2011-05-27 17:53,1306486380,17,6,14,5,-21
fa10-01-53,2011-05-27 19:16,1306491360,19,6,7,3,-52
fa10-01-53,2011-05-27 19:42,1306492920,19,6,7,14,-50
fa10-01-53,2011-05-27 20:06,1306494360,20,6,9,-32,-64
fa10-01-53,2011-05-27 20:30,1306495800,20,6,27,-1,-65
fa10-01-53,2011-05-27 20:57,1306497420,20,6,10,-6,-55
fa10-01-53,2011-05-27 21:23,1306498980,21,6,7,-64,-121
fa10-01-53,2011-05-27 21:46,1306500360,21,6,27,-4,-91
fa10-01-53,2011-05-27 22:11,1306501860,22,6,98,27,-20
fa10-01-53,2011-05-27 22:44,1306503840,22,6,25,912,-633
fa10-01-53,2011-05-27 23:23,1306506180,23,6,98,14,-36
fa10-01-53,2011-05-27 23:55,1306508100,23,6,98,27,-20
fa10-01-53,2011-05-28 0:28,1306510080,0,7,98,27,-20
fa10-01-53,2011-05-28 1:01,1306512060,1,7,98,27,-20
fa10-01-53,2011-05-28 1:35,1306514100,1,7,98,27,-20
fa10-01-53,2011-05-28 2:07,1306516020,2,7,98,27,-20
fa10-01-53,2011-05-28 2:41,1306518060,2,7,98,14,-36
fa10-01-53,2011-05-28 3:13,1306519980,3,7,98,14,-36
fa10-01-53,2011-05-28 3:46,1306521960,3,7,98,14,-36
fa10-01-53,2011-05-28 4:19,1306523940,4,7,98,-1,-56
fa10-01-53,2011-05-28 4:52,1306525920,4,7,98,16,-34
fa10-01-53,2011-05-28 5:25,1306527900,5,7,98,16,-34
fa10-01-53,2011-05-28 10:00,1306544400,10,7,98,-1,-56
fa10-01-53,2011-05-28 22:24,1306589040,22,7,98,-1,-56
fa10-01-53,2011-05-29 9:29,1306628940,9,1,98,14,-36
fa10-01-53,2011-05-29 10:02,1306630920,10,1,98,14,-36
fa10-01-53,2011-05-29 10:35,1306632900,10,1,98,27,-20
fa10-01-53,2011-05-29 11:08,1306634880,11,1,98,-1,-56
fa10-01-53,2011-05-29 11:41,1306636860,11,1,98,14,-36
fa10-01-53,2011-05-29 12:48,1306640880,12,1,98,-1,-56
fa10-01-53,2011-05-29 13:20,1306642800,13,1,98,14,-36
fa10-01-53,2011-05-29 16:43,1306654980,16,1,9,7558,9911
fa10-01-53,2011-05-29 17:09,1306656540,17,1,14,6783,9013
fa10-01-53,2011-05-29 18:07,1306660020,18,1,849,214,-89
fa10-01-53,2011-05-29 18:47,1306662420,18,1,98,16,-34
fa10-01-53,2011-05-29 19:22,1306664520,19,1,10,-41,-98
fa10-01-53,2011-05-29 19:46,1306665960,19,1,9,-34,-118
fa10-01-53,2011-05-29 20:10,1306667400,20,1,13,-44,-91
fa10-01-53,2011-05-29 20:33,1306668780,20,1,13,-43,-80
fa10-01-53,2011-05-29 21:00,1306670400,21,1,23,-53,-104
fa10-01-53,2011-05-29 21:23,1306671780,21,1,14,-56,-117
fa10-01-53,2011-05-29 21:47,1306673220,21,1,98,-1,-56
fa10-01-53,2011-05-29 23:19,1306678740,23,1,98,-1,-56
fa10-01-53,2011-05-30 3:44,1306694640,3,2,98,-1,-56
fa10-01-53,2011-05-30 4:18,1306696680,4,2,98,-1,-56
fa10-01-53,2011-05-30 4:50,1306698600,4,2,98,-1,-56
fa10-01-53,2011-05-30 5:23,1306700580,5,2,98,16,-34
fa10-01-53,2011-05-30 5:58,1306702680,5,2,802,351,632
fa10-01-53,2011-05-30 6:29,1306704540,6,2,98,16,-34
fa10-01-53,2011-05-30 7:04,1306706640,7,2,98,16,-34
fa10-01-53,2011-05-30 7:36,1306708560,7,2,98,16,-34
fa10-01-53,2011-05-30 8:08,1306710480,8,2,98,-1,-56
fa10-01-53,2011-05-30 8:41,1306712460,8,2,98,-1,-56
fa10-01-53,2011-05-30 10:55,1306720500,10,2,802,282,271
